trajectory_id,style,crashed,mean_speed,lane_changes,min_front_gap,min_ttc,action_entropy_bits,mean_reward,global_anomaly_score,global_flag,global_dominant_feature,global_rank,style_anomaly_score,style_flag,style_dominant_feature,style_rank
cautious_008,cautious,False,20.07812738425856,0,90.5533546382361,66.4750898745649,0.0574590202894357,0.668750063580228,3.9522299809192014,True,min_front_gap,1,2.4427653601609145,False,min_front_gap,22
cautious_012,cautious,False,20.07812738425856,0,48.26066777128821,157.39192338541764,0.0574590202894357,0.7020833969135616,3.891811026301254,True,min_ttc,2,2.4431493196437395,True,min_ttc,21
cautious_016,cautious,False,20.07812738425856,0,74.95602183277742,75.65563342213936,0.0574590202894357,0.668750063580228,3.860984293890231,True,min_ttc,3,2.352044383061025,False,min_ttc,26
aggressive_019,aggressive,False,28.83221790452672,5,15.214467942790748,2.239287868878157,0.9048180470917092,0.9326850482409133,3.7364094042913485,True,mean_speed,4,3.136451357280541,True,mean_speed,9
aggressive_007,aggressive,False,28.166918385507017,5,10.619343074955054,1.7211966198169266,0.9306217546817408,0.9308256203121732,3.6874184997061645,True,mean_reward,5,3.011665217124309,False,mean_reward,11
cautious_006,cautious,False,20.07812738425856,0,77.50322591572638,38.6306528776744,0.0574590202894357,0.668750063580228,3.5540931005678047,True,min_front_gap,6,2.0735757977120217,False,min_front_gap,35
cautious_010,cautious,False,20.07812738425856,0,91.28807032590744,45.04353572872925,0.0574590202894357,0.7354167302468949,3.517404608363508,True,min_front_gap,7,2.544918951381873,False,mean_reward,15
aggressive_013,aggressive,False,25.574807777191605,7,14.291424485890218,2.133056526986484,1.1954069799166267,0.8548973145198758,3.462426934832189,True,lane_changes,8,2.120989499517025,False,lane_changes,32
cautious_009,cautious,False,20.07812738425856,0,69.63073227175357,47.33563493106359,0.0574590202894357,0.7020833969135616,3.3919852879366865,False,min_front_gap,9,1.7337376053745936,False,mean_speed,41
aggressive_015,aggressive,False,27.709654021043008,5,16.426824946558327,2.027071929478128,1.1211864775741276,0.906716149588143,3.3870522150411424,False,mean_speed,10,2.24270117296483,False,mean_speed,28
cautious_019,cautious,False,20.07812738425856,0,86.62518673159138,28.90608855730201,0.0574590202894357,0.7354167302468949,3.2700576696250665,True,min_front_gap,11,2.402460387752149,False,mean_reward,23
cautious_000,cautious,False,20.07812738425856,0,61.8491180542195,33.143788234699514,0.0574590202894357,0.7020833969135616,3.1190560933370977,False,min_front_gap,12,1.4854841253671018,False,mean_speed,45
aggressive_011,aggressive,False,25.987727393767248,5,15.314634519225136,2.268089000432881,1.4005768376313277,0.8769284748860569,3.0862607753480424,False,lane_changes,13,2.1732651187163596,False,action_entropy_bits,30
cautious_014,cautious,False,20.07812738425856,0,45.18183899790685,30.14391424126306,0.0574590202894357,0.668750063580228,3.0271083273848074,False,mean_reward,14,1.6709975565836683,False,mean_reward,42
aggressive_014,aggressive,False,24.455672984087045,6,15.545226351460316,2.269400796120322,1.3612203486426158,0.8216459170294134,2.9497251125282866,True,lane_changes,15,2.4479922641045446,False,lane_changes,20
aggressive_012,aggressive,False,26.541778161649244,5,15.326141177857153,1.6259964063953192,1.1064423728647172,0.8670403578216275,2.9200389837261578,False,lane_changes,16,2.4759078499642597,True,min_ttc,19
cautious_018,cautious,False,20.07812738425856,0,24.409955323343095,30.925454901706157,0.0574590202894357,0.668750063580228,2.77474821506201,False,mean_reward,17,1.7887700627408436,False,mean_reward,40
cautious_017,cautious,False,20.07812738425856,0,33.83023875675292,35.96998918464196,0.0574590202894357,0.7020833969135616,2.754965235906188,False,min_ttc,18,1.2923097689160972,False,mean_speed,51
aggressive_010,aggressive,False,22.40753521296512,4,9.498624373114296,1.6522774801382758,1.5346097944959347,0.7488232163711246,2.653289784628843,False,action_entropy_bits,19,4.031205531495138,True,mean_reward,5
aggressive_005,aggressive,False,27.120553156795587,3,16.16678225827343,2.366283398614764,1.049073413699387,0.8897790201029476,2.642191175415007,False,mean_speed,20,2.2885448543605307,False,min_ttc,27
aggressive_018,aggressive,False,26.180174475448297,4,14.57761546095952,1.930670615630268,1.051414297486252,0.885576624018559,2.6379763503723446,False,mean_reward,21,1.1984898780473674,False,mean_reward,52
normal_008,normal,True,23.965601740964253,0,5.0,1.0263996362202474,0.1623261801753929,0.8232096972193642,2.631225433747297,False,min_front_gap,22,4.092184455945723,True,min_ttc,4
aggressive_002,aggressive,False,26.16441229646773,4,14.698566263406178,2.02393328338018,1.0860041852674966,0.871240200967533,2.5453195918541507,False,mean_speed,23,0.9323312741689986,False,min_front_gap,60
cautious_001,cautious,False,20.07812738425856,0,41.050172667253065,13.088266908694314,0.0574590202894357,0.7020833969135616,2.469763374975755,False,min_front_gap,24,1.331170887211331,False,mean_speed,50
aggressive_004,aggressive,False,25.343027170594983,4,10.273928466756049,1.9051829236897917,1.0087675106683889,0.8648686967368815,2.4333297734778827,False,mean_reward,25,0.9359262095692564,False,min_ttc,59
aggressive_016,aggressive,False,26.31260199341476,3,13.094845839786387,1.8634359859390597,1.1640620831652535,0.8481814086387888,2.354079912251046,False,mean_speed,26,1.140136455021744,False,min_ttc,55
cautious_004,cautious,False,20.07812738425856,0,22.0275668411858,6.751875894243935,0.0574590202894357,0.668750063580228,2.353092853723712,False,mean_reward,27,2.2161443315482883,False,min_ttc,29
aggressive_001,aggressive,True,24.30593809598004,0,5.0,2.1875427553099183,0.2979445744932715,0.7771588859947853,2.322682019176431,False,min_front_gap,28,5.070863969274763,True,action_entropy_bits,1
cautious_011,cautious,False,20.07812738425856,0,24.834567538383283,25.364384005285743,0.0574590202894357,0.7354167302468949,2.316536829848401,False,min_ttc,29,2.083256986963253,False,mean_reward,34
cautious_005,cautious,False,20.07812738425856,0,22.60597385406413,17.426775288694145,0.0574590202894357,0.7020833969135616,2.2911684614240553,False,mean_speed,30,1.4665422247023452,False,mean_speed,47
normal_005,normal,False,22.38820036975918,3,9.972904895357315,2.429163344366219,1.4676790731497744,0.7823095018983772,2.21699424524095,False,action_entropy_bits,31,2.8828124643019755,True,action_entropy_bits,13
cautious_015,cautious,False,20.07812738425856,1,16.530387532558194,4.135497179461182,0.1148543449617538,0.6704046209030174,2.1527214620762853,False,mean_reward,32,4.250324725757709,True,action_entropy_bits,3
normal_016,normal,True,25.0,0,48.96754364874352,10.909195088955736,0.1914332548141934,0.8111398942440223,2.1503773819337244,False,min_front_gap,33,4.614712544454231,True,min_front_gap,2
cautious_013,cautious,False,20.07812738425856,1,15.100928304765944,11.43656584283635,0.1148543449617538,0.679125339518418,2.135402744122189,False,mean_reward,34,3.928829149583521,True,action_entropy_bits,7
aggressive_008,aggressive,False,24.117862466682706,4,6.920341544918188,2.2097206606880238,0.8350376154100011,0.7914950025680266,2.104477580333923,False,min_front_gap,35,2.6856161560959806,False,min_front_gap,14
aggressive_006,aggressive,False,25.05450784647137,2,12.876708570831966,1.9255477207896483,1.254923085867638,0.8455408679323045,2.0998201299420534,False,action_entropy_bits,36,1.403093379714175,False,lane_changes,48
cautious_002,cautious,False,20.07812738425856,0,20.21826261604292,6.241520631560314,0.0574590202894357,0.7020833969135616,2.0863467310380157,False,mean_speed,37,2.035134976187723,False,min_ttc,36
aggressive_003,aggressive,False,24.184039430653065,4,9.043737546732814,2.0744102760706573,0.9626077871881228,0.8252893706734824,2.0845306814270486,False,lane_changes,38,1.4691898310893727,False,min_front_gap,46
normal_007,normal,False,23.186355274484757,5,17.648507006314958,3.862406611701602,1.001600305732005,0.7880478258309087,1.9336141717757542,False,lane_changes,39,3.2095607707782463,True,lane_changes,8
cautious_007,cautious,False,20.07812738425856,0,21.49606577892257,6.921136430475735,0.0574590202894357,0.7354167302468949,1.9152264123484173,False,mean_speed,40,2.4874303827381588,False,mean_reward,18
normal_000,normal,False,21.3023190713279,2,11.51425321049635,3.223730621364564,1.241678052755055,0.7128256537909936,1.9148517147576067,False,action_entropy_bits,41,3.041551410530943,False,mean_reward,10
cautious_003,cautious,False,20.07812738425856,1,16.49286713571837,6.132765956601652,0.1148543449617538,0.7089266276015603,1.813196816497641,False,mean_speed,42,4.0131154633514585,True,action_entropy_bits,6
normal_006,normal,False,21.170842616046624,1,9.494008298823871,2.805421993292783,0.2990556959189268,0.7190329620828607,1.7103735028773472,False,min_front_gap,43,2.932689110461529,False,mean_speed,12
aggressive_009,aggressive,False,25.24218504562709,1,11.49105664419335,2.1192075581039345,0.8897765180970467,0.8192252831517636,1.671766803946773,False,mean_speed,44,1.8813516246731328,False,lane_changes,38
normal_014,normal,False,21.914884882880703,1,11.507244906359348,4.87733873819574,1.169468850737091,0.7220790122997416,1.6593862121492093,False,action_entropy_bits,45,2.49250280956769,False,mean_reward,17
aggressive_017,aggressive,False,24.27530749474791,2,11.572010160823195,2.0147857597630923,1.1250353045524732,0.8027590806768333,1.654332829247378,False,action_entropy_bits,46,1.6139073122792917,False,lane_changes,44
normal_009,normal,False,22.0118158674443,1,12.737802789207308,3.3674818868282905,1.2308206336676304,0.7434556970032562,1.6370952238712786,False,action_entropy_bits,47,2.145784185879554,False,action_entropy_bits,31
aggressive_000,aggressive,False,23.32247063600267,1,11.590081067846768,2.173008580329418,1.0116358183973917,0.8103210803156271,1.4707085910662163,False,action_entropy_bits,48,2.356111871966435,False,lane_changes,25
normal_019,normal,False,24.76838802917073,1,19.44422414489088,4.790651400797922,0.1721855465231943,0.8313104024025324,1.4143527062208427,False,action_entropy_bits,49,2.378270687435515,False,mean_speed,24
normal_012,normal,False,24.04117745945721,0,16.31144702650056,5.092720716433928,0.6199591993626794,0.8410980655855256,1.3546588458062558,False,lane_changes,50,2.0868702247009474,False,mean_reward,33
normal_015,normal,False,23.058259827818308,1,12.723014574251124,3.295646084690906,1.1029776165813308,0.7675756145945564,1.330479718717914,False,action_entropy_bits,51,1.3410696553159864,False,action_entropy_bits,49
normal_010,normal,False,24.654248915802697,0,20.057103915213247,6.586072442780624,0.509016431417016,0.8241133044214052,1.3177071634011661,False,lane_changes,52,2.5257448466929895,False,mean_speed,16
normal_018,normal,False,22.32978234177457,2,9.969120113332735,2.8067103354560508,0.9241954093087836,0.7854447708800744,1.3068911019854736,False,min_front_gap,53,1.6226313302832025,False,min_front_gap,43
normal_017,normal,False,24.342866667540022,1,19.097584898833816,4.894319420594552,0.4418061885789417,0.8398336361238102,1.1492798024242226,False,mean_reward,54,2.0248352961231117,False,mean_reward,37
normal_011,normal,False,23.27221091252778,0,13.452085472825956,4.424446183206641,0.6199591993626794,0.7872589576674073,1.0728297297129339,False,lane_changes,55,1.1809623701505239,False,lane_changes,53
normal_013,normal,False,24.084697978352533,2,18.33435344256816,5.032446221958977,0.3428809796571554,0.8290176352317314,1.0085860921358472,False,mean_reward,56,1.8578921476181605,False,mean_reward,39
normal_004,normal,False,22.92580950336588,1,15.281400195874085,4.172712903258359,0.2990556959189268,0.760777048268105,0.8580318411476942,False,action_entropy_bits,57,1.1675271579854123,False,action_entropy_bits,54
normal_002,normal,False,22.727134006741075,2,13.41873919689499,4.102551650555833,0.3428809796571554,0.7969427915976734,0.8343417788462277,False,action_entropy_bits,58,1.0735179987495,False,action_entropy_bits,58
normal_003,normal,False,23.71113466765922,2,16.3520858712576,3.942756631030592,0.3428809796571554,0.7898325267023885,0.7532244143791477,False,action_entropy_bits,59,1.1075567659671133,False,action_entropy_bits,56
normal_001,normal,False,22.4593589676698,2,14.729445934115349,3.1409340072205287,0.6088934421808647,0.7699197031769897,0.6757980390879412,False,min_ttc,60,1.0804092171080553,False,mean_speed,57
