trajectory_id,style,crashed,return,mean_speed,lane_changes,min_ttc,min_front_gap,crash_step,last_action,recent_lane_change,front_gap_before_crash,ttc_before_crash,collision_type,relative_x,relative_y,relative_vx
cautious_000,cautious,False,115.53193114469619,22.14490217749526,1,4.783383456970066,16.84463828111018,,,False,,,,,,
cautious_001,cautious,False,114.33680610138092,22.14490217749526,0,7.755555131245592,32.74053364114309,,,False,,,,,,
cautious_002,cautious,False,113.0672872747797,22.169827267642365,1,4.02089332466933,15.893656633994965,,,False,,,,,,
cautious_003,cautious,False,110.47289381683163,22.117539922660217,2,2.4150001656116737,11.674234755010389,,,False,,,,,,
cautious_004,cautious,True,70.2178867343876,21.836193032338212,0,2.4622302229166046,5.0,98.0,IDLE,False,5.018858664115896,3.26213310046013,front_collision,5.0,0.0,-1.1892462968826294
cautious_005,cautious,True,68.52871069032246,21.954637509642314,0,1.6396997866410838,5.0,91.0,FASTER,False,5.280134217650016,2.1752928725520526,side_or_unclear,-2.1046946048736572,4.0,0.11627008765935898
cautious_006,cautious,False,109.15959723805369,22.109171499516645,0,5.548924211074343,16.44958164876141,,,False,,,,,,
cautious_007,cautious,True,103.71023326048548,21.922936224075702,0,2.1471292437723273,5.0,132.0,SLOWER,False,5.057205636222534,2.1471292437723273,front_collision,5.0,0.0,-1.8384249210357666
cautious_008,cautious,False,109.30347276804757,22.14490217749526,0,12.050474986985664,39.54075414071497,,,False,,,,,,
cautious_009,cautious,False,115.05087513650128,22.158141398655406,1,5.441552556328711,17.093776676896937,,,False,,,,,,
cautious_010,cautious,False,119.37013943471425,22.14490217749526,0,15.867071901731572,43.742020727325894,,,False,,,,,,
cautious_011,cautious,False,116.48266778924317,21.77247947967711,2,5.19010593429664,13.40605219745703,,,False,,,,,,
cautious_012,cautious,False,115.18906882161784,22.084825510909106,1,4.675267843267791,13.311428811231167,,,False,,,,,,
cautious_013,cautious,True,46.80580981391378,21.972998000329806,0,1.4097239746510208,5.0,65.0,FASTER,False,5.293716505498708,1.8076671379046418,front_collision,5.0,0.0,-3.5467936992645264
cautious_014,cautious,False,110.61675364360957,22.03330900476258,1,5.137500564322158,11.740295601977778,,,False,,,,,,
cautious_015,cautious,False,111.37924841055846,22.14490217759457,4,2.2272938701417377,15.572497725702249,,,False,,,,,,
cautious_016,cautious,False,109.30347276804757,22.14490217749526,0,33.67939476083987,64.47788006194878,,,False,,,,,,
cautious_017,cautious,False,111.79701666430431,21.9660278131421,3,3.883882069683313,15.354031123441132,,,False,,,,,,
cautious_018,cautious,False,109.30347276804757,22.14490217749526,0,8.101801120913084,24.409955323343098,,,False,,,,,,
cautious_019,cautious,False,119.37013943471425,22.14490217749526,0,8.254466689569414,25.818487275422967,,,False,,,,,,
normal_000,normal,False,126.35832706204792,25.089446156050133,2,4.572842119145305,20.04437304883413,,,False,,,,,,
normal_001,normal,True,69.36264374212743,25.0346290111223,2,0.8165550907485444,5.000000156021656,84.0,FASTER,False,5.953381845231775,1.3584589480878944,front_collision,5.0,9.78453272182378e-07,-6.12328577041626
normal_002,normal,True,76.99717962719572,25.356306694557556,2,1.0008685981776397,5.0,89.0,SLOWER,False,6.002627412515153,1.0008685981776397,side_or_unclear,-1.45914888381958,-4.0,-4.909191608428955
normal_003,normal,False,125.7242237565405,25.165554173792664,5,1.7017838146502267,11.438077014842975,,,False,,,,,,
normal_004,normal,True,79.49542382962818,25.190858658263902,3,0.9092156990731025,5.0,93.0,FASTER,False,5.860435028439838,1.5612650258369627,side_or_unclear,-1.7980897426605225,-4.0,-5.130188465118408
normal_005,normal,True,31.698624819478557,24.870472582831948,0,0.6198143087489717,5.0,38.0,SLOWER,False,5.349071602568131,0.6198143087489717,side_or_unclear,1.7927086353302002,-4.0,-0.6553293466567993
normal_006,normal,True,33.67911633530698,24.952717734279346,0,0.6615010529099775,4.999999999999943,42.0,FASTER,False,5.8599146037541345,0.9993224265339445,front_collision,5.0,0.0,-7.558567047119141
normal_007,normal,True,87.3380128533966,25.143368803113468,5,0.9776407568046015,5.000000000000227,103.0,SLOWER,False,5.363448032751421,0.9776407568046015,front_collision,5.0,9.272582701669307e-13,-4.211731910705566
normal_008,normal,True,32.90550624255962,24.815295261910045,0,0.5699962222753249,5.082534122772131,38.0,LANE_LEFT,True,5.402521808717438,0.5699962222753249,front_collision,5.082534313201904,0.5184175372123718,-7.724202632904053
normal_009,normal,True,50.03339844367899,24.982782096666522,5,0.6942627106001894,4.336793970455972,61.0,LANE_LEFT,True,5.331655318021376,0.7780322375070513,lane_change_or_side,4.336793899536133,2.153501033782959,-5.876455783843994
normal_010,normal,True,124.2823891609934,24.991027927007043,3,1.0200165501432084,5.0000000661675585,149.0,FASTER,False,5.195526461207237,1.1746548699012846,front_collision,5.0,-3.3529460097270203e-07,-4.418447971343994
normal_011,normal,False,127.17743804811414,24.969636589255128,2,2.4680997938166613,11.852947009631293,,,False,,,,,,
normal_012,normal,True,113.67837084448774,24.98438565657795,0,0.9685422612506048,5.0,131.0,FASTER,False,5.68471970049211,1.6676040302534894,front_collision,5.0,0.0,-5.162397384643555
normal_013,normal,True,115.62498703524086,25.04430607329501,0,1.057437561549681,5.0,133.0,SLOWER,False,5.384615789313784,1.057437561549681,front_collision,5.0,0.0,-3.6023125648498535
normal_014,normal,True,43.25507619589492,24.94664286083746,0,1.0838781471578944,5.0,54.0,SLOWER,False,5.88477789300282,1.0838781471578944,front_collision,5.0,0.0,-3.685147523880005
normal_015,normal,True,93.85431379480445,25.174216438959547,3,1.685180530566793,14.731873684171205,111.0,IDLE,False,26.487537232612567,4.509499825620323,rear_collision,-4.542195796966553,-1.6096527576446533,-6.93625545501709
normal_016,normal,True,27.578756404296758,25.0,0,10.909195088955736,48.967543648743515,33.0,IDLE,True,49.78519183862278,11.133341268020317,lane_change_or_side,-0.8649093508720398,-2.3465700149536133,-8.025517463684082
normal_017,normal,True,88.25630175116396,25.0,1,5.142440258430441,20.984924021515894,102.0,IDLE,True,42.157896118573376,10.342387034842925,lane_change_or_side,2.3461661338806152,-2.7120563983917236,-5.0953145027160645
normal_018,normal,True,45.09802720644574,24.88067962720218,0,0.7803138316775289,5.0,52.0,FASTER,False,5.160589391328358,0.7803138316775289,front_collision,5.0,0.0,-6.32675313949585
normal_019,normal,False,126.34808684669443,24.963184681906327,1,4.042051302797601,18.139146887829952,,,False,,,,,,
aggressive_000,aggressive,True,55.648936376759494,28.46539969436508,1,0.9016553543748147,5.000003556832439,59.0,FASTER,False,5.731696667657161,1.508846281008473,side_or_unclear,-1.810532569885254,-3.9999773502349854,-6.847332954406738
aggressive_001,aggressive,True,64.45399598230155,28.917011796337608,0,0.9271782700541672,4.999999999999886,71.0,SLOWER,False,6.151929532867143,0.9271782700541672,front_collision,5.0,0.0,-4.876670837402344
aggressive_002,aggressive,True,55.269483065454665,27.53564484273664,5,1.9162398357962716,11.25487396566973,61.0,FASTER,True,11.25487396566973,2.6309820692514174,lane_change_or_side,-3.5833044052124023,1.8319995403289795,-7.526904582977295
aggressive_003,aggressive,True,44.916444702142144,29.46102934724288,6,0.6597068269957372,5.027197022633743,48.0,SLOWER,False,6.52151655639824,0.7422245277183656,front_collision,5.027196884155273,-0.875913679599762,-7.508078575134277
aggressive_004,aggressive,True,79.25587538279201,28.398648680009668,6,0.6352579115626084,4.9504234995897605,86.0,IDLE,False,29.318927486268308,3.066975817147903,front_collision,4.950423717498779,-1.500469446182251,-6.535189628601074
aggressive_005,aggressive,True,49.604435731143354,29.0719136673464,4,1.0888026051784692,9.517866199693628,54.0,IDLE,True,53.82872389507543,5.737408069783975,lane_change_or_side,3.656022071838379,-2.558422088623047,-10.78591251373291
aggressive_006,aggressive,True,54.67588120107015,28.690651076171232,5,1.849868995448393,16.149371983052504,58.0,SLOWER,True,21.678107883109988,5.643825873455314,lane_change_or_side,4.130927085876465,-2.66607403755188,-1.7779135704040527
aggressive_007,aggressive,True,65.38029210820083,29.543919924731938,1,2.0357198722628542,15.62696256982531,68.0,IDLE,True,45.331224526033,4.442421385556012,lane_change_or_side,3.6488418579101562,-2.3775205612182617,-8.909728050231934
aggressive_008,aggressive,True,68.59364946200564,28.775037806897807,2,0.8852317806731246,5.0,76.0,FASTER,False,5.660089620026042,1.1723639409963411,front_collision,5.0,-1.7480014585788471e-15,-5.648238182067871
aggressive_009,aggressive,True,83.63791582373182,28.868667998809997,3,1.006477113943049,5.0,91.0,SLOWER,False,5.675978169151108,1.006477113943049,front_collision,5.0,3.367621394419207e-14,-4.1107258796691895
aggressive_010,aggressive,True,29.472153061288175,26.994942063091322,1,0.5398903534221721,5.0000000029356215,33.0,FASTER,False,6.435450399957688,0.8496829775089344,front_collision,5.0,2.0234050879253118e-08,-9.261139869689941
aggressive_011,aggressive,True,22.841101944570486,27.083116943734765,3,1.890456821239617,19.178441394089305,25.0,IDLE,True,45.16641206000128,5.237156397223342,lane_change_or_side,3.1710240840911865,-2.409101724624634,-10.911619186401367
aggressive_012,aggressive,True,38.34510286330464,29.388959645859796,5,2.0921148656476305,22.33427966311524,41.0,IDLE,False,100.09820372670498,7.996584473139688,rear_collision,-3.9767801761627197,1.755602240562439,-9.93671703338623
aggressive_013,aggressive,True,17.114120003825416,28.048716101818847,3,2.52647137939972,20.786614291592286,19.0,IDLE,False,38.64199626809534,3.9106021461288236,rear_collision,-5.553860187530518,1.5422765016555786,-10.171401977539062
aggressive_014,aggressive,True,38.86082859036539,29.330297055231338,3,1.9867702605690547,20.93574009736517,42.0,IDLE,False,68.10851625158904,6.944766270352707,rear_collision,-4.495356559753418,1.6874481439590454,-9.935602188110352
aggressive_015,aggressive,True,60.740749251110756,29.489973030805277,5,0.7763895501863505,5.449516091097848,62.0,LANE_RIGHT,True,5.449516091097848,0.7763895501863505,lane_change_or_side,4.334885120391846,-2.47688364982605,-5.381780624389648
aggressive_016,aggressive,True,80.01926546998209,28.180360469908784,3,0.7847576790999616,5.000000020459765,87.0,SLOWER,False,5.186048437701743,0.7847576790999616,side_or_unclear,-0.35902175307273865,-4.0,-1.5605586767196655
aggressive_017,aggressive,True,21.262003307067626,25.466219618436654,2,0.7378275340808337,5.010943718170097,26.0,LANE_RIGHT,True,5.010943718170097,0.7378275340808337,front_collision,5.082134246826172,-0.5169321894645691,-5.4062957763671875
aggressive_018,aggressive,True,15.57603117958622,28.400800671258228,3,2.0156992697231493,20.04715230923756,17.0,IDLE,True,44.43985916891205,4.708530095978669,lane_change_or_side,4.803413391113281,2.175475597381592,-6.659175395965576
aggressive_019,aggressive,True,81.8729888065954,29.611535835825837,5,2.2041205521550404,20.74929386232202,86.0,IDLE,False,41.525671393021184,3.9623349940880295,rear_collision,-5.728938579559326,1.5495144128799438,-10.802473068237305
