trajectory_id,style,episode_index,env_seed,policy_seed,steps,return,crashed,mean_speed,max_speed,lane_changes,action_entropy_bits,min_front_gap,median_front_gap,min_ttc,min_euclidean_vehicle_distance,actions,mean_reward
cautious_000,cautious,0,20260915,20360915,151,106.0145929339478,False,20.078127384258558,23.511659807956104,0,0.0574590202894357,61.8491180542195,65.31723290957285,33.143788234699514,23.06334076704138,"[4, 1, 1, 1, 1, 1, 1, 1, 1, 1, 1, 1, 1, 1, 1, 1, 1, 1, 1, 1, 1, 1, 1, 1, 1, 1, 1, 1, 1, 1, 1, 1, 1, 1, 1, 1, 1, 1, 1, 1, 1, 1, 1, 1, 1, 1, 1, 1, 1, 1, 1, 1, 1, 1, 1, 1, 1, 1, 1, 1, 1, 1, 1, 1, 1, 1, 1, 1, 1, 1, 1, 1, 1, 1, 1, 1, 1, 1, 1, 1, 1, 1, 1, 1, 1, 1, 1, 1, 1, 1, 1, 1, 1, 1, 1, 1, 1, 1, 1, 1, 1, 1, 1, 1, 1, 1, 1, 1, 1, 1, 1, 1, 1, 1, 1, 1, 1, 1, 1, 1, 1, 1, 1, 1, 1, 1, 1, 1, 1, 1, 1, 1, 1, 1, 1, 1, 1, 1, 1, 1, 1, 1, 1, 1, 1, 1, 1, 1, 1, 1, 1]",0.7020833969135616
cautious_001,cautious,1,20260916,20360916,151,106.0145929339478,False,20.078127384258558,23.511659807956104,0,0.0574590202894357,41.050172667253065,82.14031945743767,13.088266908694314,4.002519095349118,"[4, 1, 1, 1, 1, 1, 1, 1, 1, 1, 1, 1, 1, 1, 1, 1, 1, 1, 1, 1, 1, 1, 1, 1, 1, 1, 1, 1, 1, 1, 1, 1, 1, 1, 1, 1, 1, 1, 1, 1, 1, 1, 1, 1, 1, 1, 1, 1, 1, 1, 1, 1, 1, 1, 1, 1, 1, 1, 1, 1, 1, 1, 1, 1, 1, 1, 1, 1, 1, 1, 1, 1, 1, 1, 1, 1, 1, 1, 1, 1, 1, 1, 1, 1, 1, 1, 1, 1, 1, 1, 1, 1, 1, 1, 1, 1, 1, 1, 1, 1, 1, 1, 1, 1, 1, 1, 1, 1, 1, 1, 1, 1, 1, 1, 1, 1, 1, 1, 1, 1, 1, 1, 1, 1, 1, 1, 1, 1, 1, 1, 1, 1, 1, 1, 1, 1, 1, 1, 1, 1, 1, 1, 1, 1, 1, 1, 1, 1, 1, 1, 1]",0.7020833969135616
cautious_002,cautious,2,20260917,20360917,151,106.0145929339478,False,20.078127384258558,23.511659807956104,0,0.0574590202894357,20.21826261604292,64.59165704812472,6.241520631560314,4.000352709965334,"[4, 1, 1, 1, 1, 1, 1, 1, 1, 1, 1, 1, 1, 1, 1, 1, 1, 1, 1, 1, 1, 1, 1, 1, 1, 1, 1, 1, 1, 1, 1, 1, 1, 1, 1, 1, 1, 1, 1, 1, 1, 1, 1, 1, 1, 1, 1, 1, 1, 1, 1, 1, 1, 1, 1, 1, 1, 1, 1, 1, 1, 1, 1, 1, 1, 1, 1, 1, 1, 1, 1, 1, 1, 1, 1, 1, 1, 1, 1, 1, 1, 1, 1, 1, 1, 1, 1, 1, 1, 1, 1, 1, 1, 1, 1, 1, 1, 1, 1, 1, 1, 1, 1, 1, 1, 1, 1, 1, 1, 1, 1, 1, 1, 1, 1, 1, 1, 1, 1, 1, 1, 1, 1, 1, 1, 1, 1, 1, 1, 1, 1, 1, 1, 1, 1, 1, 1, 1, 1, 1, 1, 1, 1, 1, 1, 1, 1, 1, 1, 1, 1]",0.7020833969135616
cautious_003,cautious,3,20260918,20360918,151,107.0479207678356,False,20.078127384258558,23.511659807956104,1,0.11485434496175385,16.49286713571837,40.51596025510844,6.132765956601652,16.492867177822863,"[4, 1, 1, 1, 1, 1, 1, 1, 1, 1, 1, 1, 1, 1, 1, 1, 1, 1, 1, 1, 1, 1, 1, 1, 1, 1, 1, 1, 1, 1, 1, 0, 1, 1, 1, 1, 1, 1, 1, 1, 1, 1, 1, 1, 1, 1, 1, 1, 1, 1, 1, 1, 1, 1, 1, 1, 1, 1, 1, 1, 1, 1, 1, 1, 1, 1, 1, 1, 1, 1, 1, 1, 1, 1, 1, 1, 1, 1, 1, 1, 1, 1, 1, 1, 1, 1, 1, 1, 1, 1, 1, 1, 1, 1, 1, 1, 1, 1, 1, 1, 1, 1, 1, 1, 1, 1, 1, 1, 1, 1, 1, 1, 1, 1, 1, 1, 1, 1, 1, 1, 1, 1, 1, 1, 1, 1, 1, 1, 1, 1, 1, 1, 1, 1, 1, 1, 1, 1, 1, 1, 1, 1, 1, 1, 1, 1, 1, 1, 1, 1, 1]",0.7089266276015603
cautious_004,cautious,4,20260919,20360919,151,100.98125960061444,False,20.078127384258558,23.511659807956104,0,0.0574590202894357,22.027566841185802,39.98771978877767,6.751875894243935,19.665409872031837,"[4, 1, 1, 1, 1, 1, 1, 1, 1, 1, 1, 1, 1, 1, 1, 1, 1, 1, 1, 1, 1, 1, 1, 1, 1, 1, 1, 1, 1, 1, 1, 1, 1, 1, 1, 1, 1, 1, 1, 1, 1, 1, 1, 1, 1, 1, 1, 1, 1, 1, 1, 1, 1, 1, 1, 1, 1, 1, 1, 1, 1, 1, 1, 1, 1, 1, 1, 1, 1, 1, 1, 1, 1, 1, 1, 1, 1, 1, 1, 1, 1, 1, 1, 1, 1, 1, 1, 1, 1, 1, 1, 1, 1, 1, 1, 1, 1, 1, 1, 1, 1, 1, 1, 1, 1, 1, 1, 1, 1, 1, 1, 1, 1, 1, 1, 1, 1, 1, 1, 1, 1, 1, 1, 1, 1, 1, 1, 1, 1, 1, 1, 1, 1, 1, 1, 1, 1, 1, 1, 1, 1, 1, 1, 1, 1, 1, 1, 1, 1, 1, 1]",0.668750063580228
cautious_005,cautious,5,20260920,20360920,151,106.0145929339478,False,20.078127384258558,23.511659807956104,0,0.0574590202894357,22.605973854064132,41.79067915082629,17.426775288694145,20.31104236711216,"[4, 1, 1, 1, 1, 1, 1, 1, 1, 1, 1, 1, 1, 1, 1, 1, 1, 1, 1, 1, 1, 1, 1, 1, 1, 1, 1, 1, 1, 1, 1, 1, 1, 1, 1, 1, 1, 1, 1, 1, 1, 1, 1, 1, 1, 1, 1, 1, 1, 1, 1, 1, 1, 1, 1, 1, 1, 1, 1, 1, 1, 1, 1, 1, 1, 1, 1, 1, 1, 1, 1, 1, 1, 1, 1, 1, 1, 1, 1, 1, 1, 1, 1, 1, 1, 1, 1, 1, 1, 1, 1, 1, 1, 1, 1, 1, 1, 1, 1, 1, 1, 1, 1, 1, 1, 1, 1, 1, 1, 1, 1, 1, 1, 1, 1, 1, 1, 1, 1, 1, 1, 1, 1, 1, 1, 1, 1, 1, 1, 1, 1, 1, 1, 1, 1, 1, 1, 1, 1, 1, 1, 1, 1, 1, 1, 1, 1, 1, 1, 1, 1]",0.7020833969135616
cautious_006,cautious,6,20260921,20360921,151,100.98125960061444,False,20.078127384258558,23.511659807956104,0,0.0574590202894357,77.50322591572638,79.45722423806797,38.6306528776744,16.912994554765618,"[4, 1, 1, 1, 1, 1, 1, 1, 1, 1, 1, 1, 1, 1, 1, 1, 1, 1, 1, 1, 1, 1, 1, 1, 1, 1, 1, 1, 1, 1, 1, 1, 1, 1, 1, 1, 1, 1, 1, 1, 1, 1, 1, 1, 1, 1, 1, 1, 1, 1, 1, 1, 1, 1, 1, 1, 1, 1, 1, 1, 1, 1, 1, 1, 1, 1, 1, 1, 1, 1, 1, 1, 1, 1, 1, 1, 1, 1, 1, 1, 1, 1, 1, 1, 1, 1, 1, 1, 1, 1, 1, 1, 1, 1, 1, 1, 1, 1, 1, 1, 1, 1, 1, 1, 1, 1, 1, 1, 1, 1, 1, 1, 1, 1, 1, 1, 1, 1, 1, 1, 1, 1, 1, 1, 1, 1, 1, 1, 1, 1, 1, 1, 1, 1, 1, 1, 1, 1, 1, 1, 1, 1, 1, 1, 1, 1, 1, 1, 1, 1, 1]",0.668750063580228
cautious_007,cautious,7,20260922,20360922,151,111.04792626728113,False,20.078127384258558,23.511659807956104,0,0.0574590202894357,21.49606577892257,55.964338957754876,6.921136430475735,20.115967698070243,"[4, 1, 1, 1, 1, 1, 1, 1, 1, 1, 1, 1, 1, 1, 1, 1, 1, 1, 1, 1, 1, 1, 1, 1, 1, 1, 1, 1, 1, 1, 1, 1, 1, 1, 1, 1, 1, 1, 1, 1, 1, 1, 1, 1, 1, 1, 1, 1, 1, 1, 1, 1, 1, 1, 1, 1, 1, 1, 1, 1, 1, 1, 1, 1, 1, 1, 1, 1, 1, 1, 1, 1, 1, 1, 1, 1, 1, 1, 1, 1, 1, 1, 1, 1, 1, 1, 1, 1, 1, 1, 1, 1, 1, 1, 1, 1, 1, 1, 1, 1, 1, 1, 1, 1, 1, 1, 1, 1, 1, 1, 1, 1, 1, 1, 1, 1, 1, 1, 1, 1, 1, 1, 1, 1, 1, 1, 1, 1, 1, 1, 1, 1, 1, 1, 1, 1, 1, 1, 1, 1, 1, 1, 1, 1, 1, 1, 1, 1, 1, 1, 1]",0.7354167302468949
cautious_008,cautious,8,20260923,20360923,151,100.98125960061444,False,20.078127384258558,23.511659807956104,0,0.0574590202894357,90.5533546382361,98.0657804622216,66.4750898745649,10.6367183593324,"[4, 1, 1, 1, 1, 1, 1, 1, 1, 1, 1, 1, 1, 1, 1, 1, 1, 1, 1, 1, 1, 1, 1, 1, 1, 1, 1, 1, 1, 1, 1, 1, 1, 1, 1, 1, 1, 1, 1, 1, 1, 1, 1, 1, 1, 1, 1, 1, 1, 1, 1, 1, 1, 1, 1, 1, 1, 1, 1, 1, 1, 1, 1, 1, 1, 1, 1, 1, 1, 1, 1, 1, 1, 1, 1, 1, 1, 1, 1, 1, 1, 1, 1, 1, 1, 1, 1, 1, 1, 1, 1, 1, 1, 1, 1, 1, 1, 1, 1, 1, 1, 1, 1, 1, 1, 1, 1, 1, 1, 1, 1, 1, 1, 1, 1, 1, 1, 1, 1, 1, 1, 1, 1, 1, 1, 1, 1, 1, 1, 1, 1, 1, 1, 1, 1, 1, 1, 1, 1, 1, 1, 1, 1, 1, 1, 1, 1, 1, 1, 1, 1]",0.668750063580228
cautious_009,cautious,9,20260924,20360924,151,106.0145929339478,False,20.078127384258558,23.511659807956104,0,0.0574590202894357,69.63073227175357,70.27002404574523,47.33563493106359,4.0022998527143265,"[4, 1, 1, 1, 1, 1, 1, 1, 1, 1, 1, 1, 1, 1, 1, 1, 1, 1, 1, 1, 1, 1, 1, 1, 1, 1, 1, 1, 1, 1, 1, 1, 1, 1, 1, 1, 1, 1, 1, 1, 1, 1, 1, 1, 1, 1, 1, 1, 1, 1, 1, 1, 1, 1, 1, 1, 1, 1, 1, 1, 1, 1, 1, 1, 1, 1, 1, 1, 1, 1, 1, 1, 1, 1, 1, 1, 1, 1, 1, 1, 1, 1, 1, 1, 1, 1, 1, 1, 1, 1, 1, 1, 1, 1, 1, 1, 1, 1, 1, 1, 1, 1, 1, 1, 1, 1, 1, 1, 1, 1, 1, 1, 1, 1, 1, 1, 1, 1, 1, 1, 1, 1, 1, 1, 1, 1, 1, 1, 1, 1, 1, 1, 1, 1, 1, 1, 1, 1, 1, 1, 1, 1, 1, 1, 1, 1, 1, 1, 1, 1, 1]",0.7020833969135616
cautious_010,cautious,10,20260925,20360925,151,111.04792626728113,False,20.078127384258558,23.511659807956104,0,0.0574590202894357,91.28807032590743,96.2308519417864,45.04353572872925,4.000000172969441,"[4, 1, 1, 1, 1, 1, 1, 1, 1, 1, 1, 1, 1, 1, 1, 1, 1, 1, 1, 1, 1, 1, 1, 1, 1, 1, 1, 1, 1, 1, 1, 1, 1, 1, 1, 1, 1, 1, 1, 1, 1, 1, 1, 1, 1, 1, 1, 1, 1, 1, 1, 1, 1, 1, 1, 1, 1, 1, 1, 1, 1, 1, 1, 1, 1, 1, 1, 1, 1, 1, 1, 1, 1, 1, 1, 1, 1, 1, 1, 1, 1, 1, 1, 1, 1, 1, 1, 1, 1, 1, 1, 1, 1, 1, 1, 1, 1, 1, 1, 1, 1, 1, 1, 1, 1, 1, 1, 1, 1, 1, 1, 1, 1, 1, 1, 1, 1, 1, 1, 1, 1, 1, 1, 1, 1, 1, 1, 1, 1, 1, 1, 1, 1, 1, 1, 1, 1, 1, 1, 1, 1, 1, 1, 1, 1, 1, 1, 1, 1, 1, 1]",0.7354167302468949
cautious_011,cautious,11,20260926,20360926,151,111.04792626728113,False,20.078127384258558,23.511659807956104,0,0.0574590202894357,24.834567538383283,43.88324435768186,25.364384005285746,24.834567538383283,"[4, 1, 1, 1, 1, 1, 1, 1, 1, 1, 1, 1, 1, 1, 1, 1, 1, 1, 1, 1, 1, 1, 1, 1, 1, 1, 1, 1, 1, 1, 1, 1, 1, 1, 1, 1, 1, 1, 1, 1, 1, 1, 1, 1, 1, 1, 1, 1, 1, 1, 1, 1, 1, 1, 1, 1, 1, 1, 1, 1, 1, 1, 1, 1, 1, 1, 1, 1, 1, 1, 1, 1, 1, 1, 1, 1, 1, 1, 1, 1, 1, 1, 1, 1, 1, 1, 1, 1, 1, 1, 1, 1, 1, 1, 1, 1, 1, 1, 1, 1, 1, 1, 1, 1, 1, 1, 1, 1, 1, 1, 1, 1, 1, 1, 1, 1, 1, 1, 1, 1, 1, 1, 1, 1, 1, 1, 1, 1, 1, 1, 1, 1, 1, 1, 1, 1, 1, 1, 1, 1, 1, 1, 1, 1, 1, 1, 1, 1, 1, 1, 1]",0.7354167302468949
cautious_012,cautious,12,20260927,20360927,151,106.0145929339478,False,20.078127384258558,23.511659807956104,0,0.0574590202894357,48.26066777128821,59.73503977852329,157.39192338541764,23.459342842758772,"[4, 1, 1, 1, 1, 1, 1, 1, 1, 1, 1, 1, 1, 1, 1, 1, 1, 1, 1, 1, 1, 1, 1, 1, 1, 1, 1, 1, 1, 1, 1, 1, 1, 1, 1, 1, 1, 1, 1, 1, 1, 1, 1, 1, 1, 1, 1, 1, 1, 1, 1, 1, 1, 1, 1, 1, 1, 1, 1, 1, 1, 1, 1, 1, 1, 1, 1, 1, 1, 1, 1, 1, 1, 1, 1, 1, 1, 1, 1, 1, 1, 1, 1, 1, 1, 1, 1, 1, 1, 1, 1, 1, 1, 1, 1, 1, 1, 1, 1, 1, 1, 1, 1, 1, 1, 1, 1, 1, 1, 1, 1, 1, 1, 1, 1, 1, 1, 1, 1, 1, 1, 1, 1, 1, 1, 1, 1, 1, 1, 1, 1, 1, 1, 1, 1, 1, 1, 1, 1, 1, 1, 1, 1, 1, 1, 1, 1, 1, 1, 1, 1]",0.7020833969135616
cautious_013,cautious,13,20260928,20360928,151,102.54792626728113,False,20.078127384258558,23.511659807956104,1,0.11485434496175385,15.100928304765944,37.12325804449233,11.43656584283635,7.082503458202948,"[4, 1, 1, 1, 1, 1, 1, 1, 1, 1, 1, 1, 1, 1, 1, 1, 1, 1, 1, 1, 1, 1, 1, 1, 1, 1, 1, 1, 1, 1, 1, 1, 1, 1, 1, 1, 1, 1, 1, 1, 1, 1, 1, 1, 1, 1, 1, 1, 1, 1, 1, 1, 1, 1, 1, 1, 1, 1, 1, 1, 1, 1, 1, 1, 1, 1, 1, 1, 1, 1, 1, 1, 1, 1, 1, 1, 1, 1, 1, 1, 1, 1, 1, 1, 1, 1, 1, 1, 1, 1, 1, 1, 1, 1, 1, 1, 1, 1, 1, 1, 1, 1, 1, 1, 2, 1, 1, 1, 1, 1, 1, 1, 1, 1, 1, 1, 1, 1, 1, 1, 1, 1, 1, 1, 1, 1, 1, 1, 1, 1, 1, 1, 1, 1, 1, 1, 1, 1, 1, 1, 1, 1, 1, 1, 1, 1, 1, 1, 1, 1, 1]",0.679125339518418
cautious_014,cautious,14,20260929,20360929,151,100.98125960061444,False,20.078127384258558,23.511659807956104,0,0.0574590202894357,45.18183899790685,53.67614734335666,30.14391424126306,7.257845109738455,"[4, 1, 1, 1, 1, 1, 1, 1, 1, 1, 1, 1, 1, 1, 1, 1, 1, 1, 1, 1, 1, 1, 1, 1, 1, 1, 1, 1, 1, 1, 1, 1, 1, 1, 1, 1, 1, 1, 1, 1, 1, 1, 1, 1, 1, 1, 1, 1, 1, 1, 1, 1, 1, 1, 1, 1, 1, 1, 1, 1, 1, 1, 1, 1, 1, 1, 1, 1, 1, 1, 1, 1, 1, 1, 1, 1, 1, 1, 1, 1, 1, 1, 1, 1, 1, 1, 1, 1, 1, 1, 1, 1, 1, 1, 1, 1, 1, 1, 1, 1, 1, 1, 1, 1, 1, 1, 1, 1, 1, 1, 1, 1, 1, 1, 1, 1, 1, 1, 1, 1, 1, 1, 1, 1, 1, 1, 1, 1, 1, 1, 1, 1, 1, 1, 1, 1, 1, 1, 1, 1, 1, 1, 1, 1, 1, 1, 1, 1, 1, 1, 1]",0.668750063580228
cautious_015,cautious,15,20260930,20360930,151,101.23109775635564,False,20.078127384258558,23.511659807956104,1,0.11485434496175385,16.530387532558194,53.5911637671976,4.135497179461182,9.34031516392062,"[4, 1, 1, 1, 1, 1, 1, 1, 0, 1, 1, 1, 1, 1, 1, 1, 1, 1, 1, 1, 1, 1, 1, 1, 1, 1, 1, 1, 1, 1, 1, 1, 1, 1, 1, 1, 1, 1, 1, 1, 1, 1, 1, 1, 1, 1, 1, 1, 1, 1, 1, 1, 1, 1, 1, 1, 1, 1, 1, 1, 1, 1, 1, 1, 1, 1, 1, 1, 1, 1, 1, 1, 1, 1, 1, 1, 1, 1, 1, 1, 1, 1, 1, 1, 1, 1, 1, 1, 1, 1, 1, 1, 1, 1, 1, 1, 1, 1, 1, 1, 1, 1, 1, 1, 1, 1, 1, 1, 1, 1, 1, 1, 1, 1, 1, 1, 1, 1, 1, 1, 1, 1, 1, 1, 1, 1, 1, 1, 1, 1, 1, 1, 1, 1, 1, 1, 1, 1, 1, 1, 1, 1, 1, 1, 1, 1, 1, 1, 1, 1, 1]",0.6704046209030174
cautious_016,cautious,16,20260931,20360931,151,100.98125960061444,False,20.078127384258558,23.511659807956104,0,0.0574590202894357,74.95602183277742,101.44537550634999,75.65563342213936,16.198303240690844,"[4, 1, 1, 1, 1, 1, 1, 1, 1, 1, 1, 1, 1, 1, 1, 1, 1, 1, 1, 1, 1, 1, 1, 1, 1, 1, 1, 1, 1, 1, 1, 1, 1, 1, 1, 1, 1, 1, 1, 1, 1, 1, 1, 1, 1, 1, 1, 1, 1, 1, 1, 1, 1, 1, 1, 1, 1, 1, 1, 1, 1, 1, 1, 1, 1, 1, 1, 1, 1, 1, 1, 1, 1, 1, 1, 1, 1, 1, 1, 1, 1, 1, 1, 1, 1, 1, 1, 1, 1, 1, 1, 1, 1, 1, 1, 1, 1, 1, 1, 1, 1, 1, 1, 1, 1, 1, 1, 1, 1, 1, 1, 1, 1, 1, 1, 1, 1, 1, 1, 1, 1, 1, 1, 1, 1, 1, 1, 1, 1, 1, 1, 1, 1, 1, 1, 1, 1, 1, 1, 1, 1, 1, 1, 1, 1, 1, 1, 1, 1, 1, 1]",0.668750063580228
cautious_017,cautious,17,20260932,20360932,151,106.0145929339478,False,20.078127384258558,23.511659807956104,0,0.0574590202894357,33.83023875675292,49.933794491260244,35.96998918464196,22.240792030317927,"[4, 1, 1, 1, 1, 1, 1, 1, 1, 1, 1, 1, 1, 1, 1, 1, 1, 1, 1, 1, 1, 1, 1, 1, 1, 1, 1, 1, 1, 1, 1, 1, 1, 1, 1, 1, 1, 1, 1, 1, 1, 1, 1, 1, 1, 1, 1, 1, 1, 1, 1, 1, 1, 1, 1, 1, 1, 1, 1, 1, 1, 1, 1, 1, 1, 1, 1, 1, 1, 1, 1, 1, 1, 1, 1, 1, 1, 1, 1, 1, 1, 1, 1, 1, 1, 1, 1, 1, 1, 1, 1, 1, 1, 1, 1, 1, 1, 1, 1, 1, 1, 1, 1, 1, 1, 1, 1, 1, 1, 1, 1, 1, 1, 1, 1, 1, 1, 1, 1, 1, 1, 1, 1, 1, 1, 1, 1, 1, 1, 1, 1, 1, 1, 1, 1, 1, 1, 1, 1, 1, 1, 1, 1, 1, 1, 1, 1, 1, 1, 1, 1]",0.7020833969135616
cautious_018,cautious,18,20260933,20360933,151,100.98125960061444,False,20.078127384258558,23.511659807956104,0,0.0574590202894357,24.409955323343098,95.39044860434456,30.925454901706154,5.424168161943897,"[4, 1, 1, 1, 1, 1, 1, 1, 1, 1, 1, 1, 1, 1, 1, 1, 1, 1, 1, 1, 1, 1, 1, 1, 1, 1, 1, 1, 1, 1, 1, 1, 1, 1, 1, 1, 1, 1, 1, 1, 1, 1, 1, 1, 1, 1, 1, 1, 1, 1, 1, 1, 1, 1, 1, 1, 1, 1, 1, 1, 1, 1, 1, 1, 1, 1, 1, 1, 1, 1, 1, 1, 1, 1, 1, 1, 1, 1, 1, 1, 1, 1, 1, 1, 1, 1, 1, 1, 1, 1, 1, 1, 1, 1, 1, 1, 1, 1, 1, 1, 1, 1, 1, 1, 1, 1, 1, 1, 1, 1, 1, 1, 1, 1, 1, 1, 1, 1, 1, 1, 1, 1, 1, 1, 1, 1, 1, 1, 1, 1, 1, 1, 1, 1, 1, 1, 1, 1, 1, 1, 1, 1, 1, 1, 1, 1, 1, 1, 1, 1, 1]",0.668750063580228
cautious_019,cautious,19,20260934,20360934,151,111.04792626728113,False,20.078127384258558,23.511659807956104,0,0.0574590202894357,86.62518673159138,87.95530953022546,28.90608855730201,18.74031644330747,"[4, 1, 1, 1, 1, 1, 1, 1, 1, 1, 1, 1, 1, 1, 1, 1, 1, 1, 1, 1, 1, 1, 1, 1, 1, 1, 1, 1, 1, 1, 1, 1, 1, 1, 1, 1, 1, 1, 1, 1, 1, 1, 1, 1, 1, 1, 1, 1, 1, 1, 1, 1, 1, 1, 1, 1, 1, 1, 1, 1, 1, 1, 1, 1, 1, 1, 1, 1, 1, 1, 1, 1, 1, 1, 1, 1, 1, 1, 1, 1, 1, 1, 1, 1, 1, 1, 1, 1, 1, 1, 1, 1, 1, 1, 1, 1, 1, 1, 1, 1, 1, 1, 1, 1, 1, 1, 1, 1, 1, 1, 1, 1, 1, 1, 1, 1, 1, 1, 1, 1, 1, 1, 1, 1, 1, 1, 1, 1, 1, 1, 1, 1, 1, 1, 1, 1, 1, 1, 1, 1, 1, 1, 1, 1, 1, 1, 1, 1, 1, 1, 1]",0.7354167302468949
normal_000,normal,0,20270915,20370915,151,107.63667372244004,False,21.3023190713279,25.0,2,1.241678052755055,11.51425321049635,14.9653249416981,3.2237306213645636,4.000009343614227,"[1, 4, 1, 1, 3, 4, 3, 4, 3, 4, 1, 3, 4, 3, 4, 3, 4, 1, 3, 4, 1, 0, 3, 4, 3, 1, 1, 1, 1, 1, 1, 1, 1, 0, 4, 1, 3, 1, 1, 1, 1, 1, 1, 4, 1, 1, 1, 1, 1, 1, 1, 1, 1, 1, 1, 1, 1, 1, 3, 4, 1, 1, 1, 1, 1, 3, 4, 1, 1, 1, 1, 1, 3, 4, 1, 1, 1, 1, 3, 4, 1, 1, 1, 1, 3, 4, 1, 1, 1, 1, 3, 4, 1, 1, 1, 1, 3, 4, 1, 1, 1, 1, 3, 4, 1, 1, 1, 1, 1, 1, 1, 3, 4, 1, 1, 1, 1, 1, 1, 1, 1, 1, 1, 1, 1, 1, 1, 3, 4, 1, 1, 1, 1, 1, 1, 1, 1, 1, 1, 1, 1, 3, 4, 1, 1, 1, 1, 1, 1, 1, 1]",0.7128256537909936
normal_001,normal,1,20270916,20370916,151,116.25787517972543,False,22.459358967669797,25.0,2,0.6088934421808647,14.729445934115347,20.56193965501444,3.1409340072205287,4.000003705771035,"[1, 1, 1, 1, 1, 1, 1, 1, 1, 1, 1, 1, 1, 1, 1, 1, 1, 1, 1, 1, 1, 1, 1, 1, 1, 1, 1, 1, 1, 1, 1, 1, 1, 1, 1, 1, 1, 1, 1, 1, 1, 1, 1, 1, 1, 1, 1, 1, 1, 1, 1, 1, 1, 4, 1, 1, 1, 2, 3, 4, 3, 1, 1, 1, 1, 1, 1, 1, 4, 1, 1, 1, 2, 1, 1, 3, 1, 1, 1, 1, 1, 1, 4, 1, 1, 1, 1, 1, 1, 1, 1, 1, 1, 1, 1, 1, 1, 1, 1, 1, 1, 1, 1, 1, 1, 1, 1, 1, 1, 1, 1, 1, 1, 1, 1, 1, 1, 1, 1, 1, 1, 1, 1, 3, 4, 1, 1, 1, 1, 1, 1, 1, 1, 1, 3, 4, 1, 1, 1, 1, 1, 1, 1, 1, 3, 4, 1, 1, 1, 1, 1]",0.7699197031769897
normal_002,normal,2,20270917,20370917,151,120.3383615312487,False,22.727134006741075,25.0,2,0.3428809796571554,13.41873919689499,23.132949739885817,4.102551650555833,3.999961604978438,"[1, 1, 4, 1, 1, 2, 1, 1, 3, 1, 1, 1, 1, 1, 1, 1, 1, 1, 1, 1, 1, 1, 1, 1, 1, 1, 1, 1, 1, 1, 1, 1, 1, 4, 2, 1, 1, 3, 1, 1, 1, 1, 1, 1, 1, 1, 1, 1, 1, 1, 1, 1, 1, 1, 1, 1, 1, 1, 1, 1, 1, 1, 1, 1, 1, 1, 1, 1, 1, 1, 1, 1, 1, 1, 1, 1, 1, 1, 1, 1, 1, 1, 1, 1, 1, 1, 1, 1, 1, 1, 4, 1, 1, 1, 1, 1, 1, 1, 1, 1, 1, 1, 1, 1, 1, 1, 1, 1, 1, 1, 1, 1, 1, 1, 1, 1, 1, 1, 1, 1, 1, 1, 1, 1, 1, 1, 1, 1, 1, 1, 1, 1, 1, 1, 1, 1, 1, 1, 1, 1, 1, 1, 1, 1, 1, 1, 1, 1, 1, 1, 1]",0.7969427915976734
normal_003,normal,3,20270918,20370918,151,119.26471153206066,False,23.71113466765922,25.0,2,0.3428809796571554,16.3520858712576,33.086381162647115,3.942756631030592,4.0075314714014905,"[1, 1, 1, 1, 1, 1, 1, 1, 1, 1, 1, 1, 1, 1, 1, 1, 1, 1, 1, 1, 1, 1, 1, 1, 1, 1, 1, 1, 1, 1, 1, 1, 1, 1, 1, 1, 1, 1, 1, 1, 1, 1, 1, 1, 1, 1, 1, 1, 1, 1, 1, 1, 1, 1, 1, 1, 4, 1, 1, 1, 1, 1, 1, 1, 1, 1, 1, 1, 1, 1, 1, 1, 1, 1, 1, 1, 1, 1, 1, 1, 1, 1, 1, 2, 1, 1, 3, 1, 1, 1, 1, 1, 1, 1, 1, 1, 1, 1, 1, 1, 1, 1, 1, 1, 1, 1, 4, 1, 2, 1, 1, 3, 1, 1, 1, 1, 1, 1, 1, 1, 1, 1, 1, 1, 1, 1, 1, 1, 1, 1, 1, 1, 1, 1, 1, 1, 1, 1, 1, 1, 1, 1, 1, 1, 1, 4, 1, 1, 1, 1, 1]",0.7898325267023885
normal_004,normal,4,20270919,20370919,151,114.87733428848385,False,22.925809503365876,25.0,1,0.2990556959189268,15.281400195874085,24.66485029582907,4.1727129032583585,4.000183505676472,"[1, 1, 1, 1, 4, 1, 1, 3, 1, 1, 1, 1, 1, 1, 1, 1, 1, 1, 1, 1, 1, 1, 1, 1, 1, 1, 1, 1, 1, 1, 1, 1, 1, 1, 1, 1, 1, 1, 1, 1, 1, 1, 1, 1, 1, 1, 1, 1, 1, 1, 1, 1, 1, 1, 1, 1, 1, 1, 1, 1, 1, 1, 1, 1, 1, 1, 1, 1, 1, 1, 1, 1, 1, 4, 0, 1, 1, 3, 1, 1, 1, 1, 1, 1, 1, 1, 1, 1, 1, 1, 1, 1, 1, 4, 1, 1, 1, 1, 1, 1, 1, 1, 1, 1, 1, 1, 1, 1, 1, 1, 1, 1, 1, 1, 1, 1, 1, 1, 1, 1, 1, 1, 1, 1, 1, 1, 1, 1, 1, 1, 1, 1, 1, 1, 1, 1, 1, 1, 1, 1, 1, 1, 1, 1, 1, 1, 1, 1, 1, 1, 1]",0.760777048268105
normal_005,normal,5,20270920,20370920,151,118.12873478665496,False,22.38820036975918,25.0,3,1.4676790731497744,9.972904895357317,20.336319132427377,2.429163344366219,3.997997378025492,"[1, 1, 1, 1, 1, 1, 1, 1, 1, 1, 1, 1, 1, 1, 1, 1, 1, 1, 1, 1, 1, 1, 1, 1, 1, 1, 1, 1, 4, 1, 1, 1, 1, 1, 1, 1, 1, 1, 1, 1, 2, 1, 1, 3, 1, 1, 1, 1, 1, 1, 1, 1, 1, 1, 4, 1, 1, 1, 3, 4, 3, 4, 1, 3, 4, 3, 4, 1, 3, 4, 3, 4, 1, 3, 4, 3, 4, 1, 3, 4, 1, 3, 4, 3, 4, 3, 4, 1, 3, 4, 1, 3, 4, 3, 4, 1, 3, 4, 1, 3, 4, 3, 0, 4, 1, 3, 1, 1, 1, 4, 1, 1, 1, 1, 1, 1, 1, 1, 1, 1, 1, 1, 1, 1, 1, 1, 1, 2, 1, 1, 3, 1, 4, 1, 3, 4, 1, 3, 4, 3, 4, 1, 3, 4, 1, 3, 4, 1, 3, 4, 3]",0.7823095018983772
normal_006,normal,6,20270921,20370921,151,108.57397727451198,False,21.170842616046624,25.0,1,0.2990556959189268,9.494008298823871,17.51269401258503,2.805421993292783,4.000032785441708,"[1, 1, 1, 1, 1, 1, 1, 1, 1, 1, 1, 1, 1, 1, 1, 1, 1, 1, 1, 1, 1, 1, 1, 1, 1, 1, 1, 1, 1, 1, 1, 4, 1, 1, 1, 1, 1, 1, 1, 1, 1, 1, 1, 1, 1, 1, 1, 1, 1, 1, 1, 1, 1, 1, 1, 2, 1, 1, 3, 4, 1, 1, 1, 1, 1, 1, 1, 1, 1, 3, 4, 1, 1, 1, 1, 1, 1, 1, 1, 1, 1, 1, 1, 1, 1, 1, 1, 1, 1, 1, 1, 1, 1, 1, 1, 1, 1, 1, 1, 1, 1, 1, 1, 1, 1, 1, 1, 1, 1, 1, 1, 1, 1, 1, 1, 1, 1, 1, 1, 1, 1, 1, 1, 1, 1, 1, 1, 1, 1, 1, 1, 1, 1, 1, 1, 1, 1, 1, 1, 1, 1, 1, 1, 1, 1, 1, 1, 1, 1, 1, 1]",0.7190329620828607
normal_007,normal,7,20270922,20370922,151,118.99522170046721,False,23.186355274484754,25.0,5,1.0016003057320053,17.648507006314958,23.976330574144413,3.8624066117016014,4.000024618775231,"[1, 1, 2, 1, 1, 1, 4, 1, 1, 3, 4, 1, 3, 4, 1, 3, 4, 1, 3, 0, 4, 1, 3, 1, 1, 1, 1, 4, 1, 1, 0, 1, 1, 3, 1, 1, 1, 1, 1, 1, 1, 1, 1, 1, 1, 1, 1, 1, 1, 1, 1, 1, 1, 1, 1, 1, 1, 1, 1, 1, 1, 1, 1, 1, 1, 1, 1, 4, 1, 2, 1, 1, 3, 1, 1, 1, 1, 1, 1, 1, 1, 1, 1, 1, 1, 1, 1, 1, 1, 1, 1, 1, 1, 1, 1, 1, 1, 1, 1, 1, 1, 1, 4, 1, 1, 1, 1, 1, 1, 1, 2, 1, 1, 3, 1, 1, 1, 1, 1, 1, 1, 1, 1, 1, 4, 1, 1, 1, 1, 1, 1, 1, 3, 4, 1, 1, 1, 1, 3, 4, 1, 1, 1, 1, 1, 3, 4, 1, 1, 1, 1]",0.7880478258309087
normal_008,normal,8,20270923,20370923,42,34.574807283213296,True,23.965601740964253,25.0,0,0.1623261801753929,5.0,44.475044567015004,1.0263996362202474,4.05554192421518,"[1, 1, 1, 1, 1, 1, 1, 1, 1, 1, 1, 1, 1, 1, 1, 1, 1, 1, 1, 1, 1, 1, 1, 1, 1, 1, 1, 1, 1, 1, 1, 4, 1, 1, 1, 1, 1, 1, 1, 1, 1, 1]",0.8232096972193642
normal_009,normal,9,20270924,20370924,151,112.26181024749168,False,22.0118158674443,25.0,1,1.2308206336676304,12.737802789207308,17.593946099129198,3.3674818868282905,4.073558038239281,"[1, 1, 1, 1, 1, 1, 1, 1, 1, 1, 1, 1, 1, 1, 1, 1, 1, 1, 4, 1, 1, 1, 1, 1, 1, 1, 1, 1, 1, 3, 4, 1, 1, 1, 3, 4, 1, 1, 3, 4, 1, 1, 3, 4, 1, 2, 3, 4, 3, 1, 1, 1, 1, 1, 1, 1, 1, 1, 1, 1, 1, 1, 1, 1, 1, 1, 1, 1, 4, 1, 1, 1, 1, 1, 1, 1, 3, 4, 1, 1, 1, 3, 4, 1, 1, 1, 3, 4, 1, 1, 1, 3, 4, 1, 1, 1, 3, 4, 1, 1, 1, 3, 4, 1, 1, 1, 3, 4, 1, 1, 1, 3, 4, 1, 1, 1, 3, 4, 1, 1, 1, 3, 4, 1, 1, 1, 3, 4, 1, 1, 1, 3, 4, 1, 1, 3, 4, 1, 1, 1, 3, 4, 1, 1, 3, 4, 1, 1, 1, 3, 4]",0.7434556970032562
normal_010,normal,10,20270925,20370925,151,124.44110896763218,False,24.654248915802697,25.0,0,0.509016431417016,20.057103915213247,67.97915565715459,6.586072442780624,4.000023049787652,"[1, 1, 1, 1, 1, 1, 1, 1, 1, 1, 1, 1, 1, 1, 1, 1, 1, 1, 1, 1, 1, 1, 1, 1, 1, 1, 1, 1, 1, 1, 1, 1, 1, 1, 1, 1, 1, 1, 1, 1, 1, 1, 1, 1, 1, 1, 1, 1, 1, 1, 1, 1, 1, 1, 1, 1, 1, 1, 1, 1, 1, 1, 1, 1, 1, 1, 1, 1, 1, 1, 1, 1, 1, 1, 1, 1, 1, 1, 1, 1, 1, 1, 1, 1, 1, 1, 1, 1, 1, 1, 1, 1, 1, 1, 1, 1, 1, 1, 1, 1, 1, 1, 1, 1, 1, 1, 1, 1, 1, 1, 1, 1, 1, 1, 1, 1, 1, 1, 1, 1, 1, 1, 1, 1, 1, 1, 1, 1, 1, 1, 1, 1, 1, 4, 1, 1, 3, 4, 1, 3, 4, 3, 4, 1, 3, 4, 3, 4, 1, 3, 4]",0.8241133044214052
normal_011,normal,11,20270926,20370926,151,118.8761026077785,False,23.27221091252778,25.0,0,0.6199591993626794,13.452085472825956,33.74768613069932,4.424446183206641,4.000038580733716,"[1, 1, 1, 1, 1, 1, 1, 1, 1, 1, 1, 1, 1, 1, 1, 1, 1, 1, 1, 1, 1, 1, 1, 1, 1, 1, 1, 1, 1, 1, 1, 1, 1, 1, 1, 1, 1, 1, 1, 1, 1, 1, 1, 1, 1, 1, 1, 1, 1, 1, 1, 1, 1, 1, 1, 1, 1, 1, 1, 1, 1, 1, 1, 1, 1, 1, 1, 1, 1, 1, 1, 1, 1, 1, 1, 1, 1, 1, 1, 1, 1, 1, 1, 1, 1, 1, 1, 1, 1, 4, 1, 1, 1, 1, 1, 1, 1, 1, 1, 3, 4, 1, 1, 1, 1, 1, 3, 4, 1, 1, 1, 1, 1, 1, 3, 4, 1, 1, 1, 1, 1, 3, 4, 1, 1, 1, 1, 1, 3, 4, 1, 1, 1, 1, 1, 3, 4, 1, 1, 1, 1, 1, 3, 4, 1, 1, 1, 1, 1, 3, 4]",0.7872589576674073
normal_012,normal,12,20270927,20370927,151,127.00580790341436,False,24.041177459457206,25.0,0,0.6199591993626794,16.31144702650056,50.50664415072458,5.092720716433928,4.001138638812632,"[1, 1, 1, 1, 1, 1, 1, 1, 1, 1, 1, 1, 1, 1, 1, 1, 1, 1, 1, 1, 1, 1, 1, 1, 1, 1, 1, 1, 1, 1, 1, 1, 1, 1, 1, 1, 1, 1, 1, 1, 1, 1, 1, 1, 1, 1, 1, 1, 1, 1, 1, 1, 1, 1, 1, 1, 1, 1, 1, 1, 1, 1, 1, 1, 1, 1, 1, 1, 1, 1, 1, 1, 1, 1, 1, 1, 1, 1, 1, 1, 1, 1, 1, 1, 1, 1, 1, 1, 1, 1, 1, 1, 1, 1, 1, 1, 1, 1, 1, 1, 1, 1, 1, 1, 1, 1, 1, 1, 1, 1, 1, 1, 4, 1, 1, 1, 1, 1, 3, 4, 1, 1, 3, 4, 1, 1, 3, 4, 1, 1, 3, 4, 1, 1, 3, 4, 1, 1, 3, 4, 1, 1, 1, 3, 4, 1, 1, 3, 4, 1, 1]",0.8410980655855256
normal_013,normal,13,20270928,20370928,151,125.18166291999145,False,24.084697978352533,25.0,2,0.3428809796571554,18.33435344256816,54.74545664010361,5.032446221958977,4.011306958476219,"[1, 1, 1, 1, 1, 1, 1, 1, 1, 1, 1, 1, 1, 1, 1, 1, 1, 1, 1, 1, 1, 1, 1, 1, 1, 1, 1, 1, 1, 1, 1, 1, 1, 1, 1, 1, 1, 1, 1, 1, 1, 1, 1, 1, 1, 1, 1, 1, 1, 1, 1, 1, 1, 1, 1, 1, 1, 1, 1, 1, 1, 1, 1, 1, 1, 1, 1, 1, 1, 1, 1, 1, 1, 1, 1, 1, 1, 1, 1, 1, 1, 1, 1, 1, 1, 1, 1, 1, 1, 1, 1, 1, 1, 1, 1, 1, 1, 1, 1, 1, 1, 1, 1, 1, 1, 1, 1, 1, 1, 1, 1, 1, 1, 1, 1, 1, 4, 1, 1, 1, 1, 0, 3, 4, 0, 1, 1, 3, 1, 1, 1, 4, 1, 1, 1, 1, 1, 1, 1, 1, 1, 1, 1, 1, 1, 1, 1, 1, 1, 1, 1]",0.8290176352317314
normal_014,normal,14,20270929,20370929,151,109.03393085726098,False,21.914884882880703,25.0,1,1.169468850737091,11.507244906359347,17.9798991254965,4.87733873819574,6.277981618386612,"[1, 1, 1, 1, 1, 1, 1, 1, 1, 1, 1, 1, 1, 1, 1, 1, 1, 1, 1, 1, 1, 1, 1, 1, 1, 1, 1, 1, 1, 1, 1, 1, 1, 1, 1, 1, 4, 1, 1, 1, 1, 1, 1, 3, 4, 1, 1, 1, 3, 4, 1, 1, 1, 3, 4, 1, 1, 1, 1, 3, 4, 1, 1, 1, 1, 3, 4, 1, 1, 1, 1, 3, 4, 1, 1, 1, 1, 3, 4, 1, 1, 1, 1, 3, 4, 1, 1, 1, 1, 3, 4, 1, 1, 1, 1, 3, 4, 1, 1, 1, 1, 3, 4, 1, 1, 1, 1, 3, 4, 1, 1, 1, 1, 1, 3, 4, 1, 1, 1, 1, 1, 3, 4, 1, 1, 1, 1, 1, 1, 1, 1, 2, 1, 1, 3, 4, 3, 4, 1, 3, 4, 1, 3, 4, 1, 3, 4, 1, 3, 4, 1]",0.7220790122997416
normal_015,normal,15,20270930,20370930,151,115.90391780377801,False,23.058259827818308,25.87428962558652,1,1.1029776165813308,12.723014574251124,30.08341195708158,3.295646084690906,4.000140748003587,"[1, 1, 1, 1, 1, 1, 1, 1, 1, 1, 1, 1, 1, 1, 1, 1, 1, 1, 1, 1, 1, 1, 1, 1, 1, 1, 1, 1, 1, 1, 1, 1, 1, 1, 1, 1, 1, 1, 1, 1, 1, 1, 4, 3, 4, 3, 4, 3, 4, 3, 4, 3, 4, 3, 4, 3, 4, 3, 4, 3, 4, 3, 4, 3, 4, 3, 4, 3, 4, 3, 4, 3, 4, 3, 4, 3, 4, 1, 1, 1, 1, 1, 1, 1, 1, 1, 1, 1, 0, 1, 1, 3, 1, 1, 1, 1, 1, 1, 1, 1, 1, 1, 1, 1, 1, 4, 1, 1, 1, 1, 1, 1, 1, 1, 1, 1, 1, 1, 1, 1, 1, 1, 1, 1, 1, 1, 1, 1, 1, 1, 1, 1, 1, 1, 1, 1, 1, 1, 1, 1, 1, 1, 1, 1, 1, 1, 1, 1, 1, 1, 1]",0.7675756145945564
normal_016,normal,16,20270931,20370931,34,27.578756404296758,True,25.0,25.0,0,0.19143325481419343,48.967543648743515,62.71215587052927,10.909195088955736,2.500891550462609,"[1, 1, 1, 1, 1, 1, 1, 1, 1, 1, 1, 1, 1, 1, 1, 1, 1, 1, 1, 1, 1, 1, 1, 1, 1, 1, 1, 1, 1, 1, 1, 1, 0, 1]",0.8111398942440223
normal_017,normal,17,20270932,20370932,151,126.81487905469534,False,24.342866667540026,25.0,1,0.4418061885789417,19.097584898833816,41.56896417242626,4.8943194205945515,4.001307912391958,"[1, 1, 1, 1, 1, 1, 1, 1, 1, 1, 1, 1, 1, 1, 1, 1, 1, 1, 1, 1, 1, 1, 1, 1, 1, 1, 1, 1, 1, 1, 1, 1, 1, 1, 1, 1, 1, 1, 1, 1, 1, 1, 1, 1, 1, 1, 1, 1, 1, 1, 1, 1, 1, 1, 1, 1, 1, 1, 1, 1, 1, 1, 1, 1, 1, 1, 1, 1, 1, 1, 1, 1, 1, 1, 1, 1, 1, 1, 1, 1, 1, 1, 1, 1, 1, 1, 1, 1, 1, 1, 1, 1, 1, 1, 1, 1, 1, 1, 1, 4, 1, 1, 1, 1, 3, 4, 1, 1, 3, 4, 0, 1, 3, 1, 1, 1, 1, 1, 1, 1, 1, 1, 1, 1, 1, 1, 1, 1, 1, 1, 1, 1, 1, 1, 1, 1, 1, 1, 1, 4, 1, 1, 1, 1, 1, 1, 3, 4, 1, 1, 1]",0.8398336361238102
normal_018,normal,18,20270933,20370933,151,118.60216040289123,False,22.32978234177457,25.0,2,0.9241954093087835,9.969120113332735,19.242894991620005,2.8067103354560508,3.9986033935954035,"[1, 1, 1, 1, 1, 1, 1, 1, 1, 1, 1, 1, 1, 1, 1, 1, 1, 1, 1, 1, 1, 1, 1, 1, 1, 1, 1, 1, 1, 1, 1, 1, 1, 1, 1, 1, 1, 1, 1, 1, 1, 4, 1, 1, 1, 1, 1, 1, 1, 1, 1, 1, 1, 1, 1, 1, 0, 1, 1, 3, 4, 1, 3, 4, 1, 1, 3, 4, 1, 1, 3, 4, 1, 1, 3, 4, 1, 1, 3, 4, 1, 1, 3, 4, 1, 1, 3, 4, 1, 1, 3, 4, 1, 1, 3, 4, 1, 1, 1, 3, 2, 4, 1, 3, 1, 1, 1, 1, 1, 1, 1, 1, 1, 1, 1, 1, 1, 1, 4, 1, 1, 1, 1, 1, 1, 1, 1, 1, 1, 1, 1, 1, 1, 1, 1, 1, 1, 1, 1, 1, 1, 1, 1, 1, 1, 1, 1, 1, 1, 1, 1]",0.7854447708800744
normal_019,normal,19,20270934,20370934,151,125.52787076278238,False,24.768388029170726,25.0,1,0.17218554652319434,19.44422414489088,60.30861565741827,4.790651400797922,4.011105815757864,"[1, 1, 1, 1, 1, 1, 1, 1, 1, 1, 1, 1, 1, 1, 1, 1, 1, 1, 1, 1, 1, 1, 1, 1, 1, 1, 1, 1, 1, 1, 1, 1, 1, 1, 1, 1, 1, 1, 1, 1, 1, 1, 1, 1, 1, 1, 1, 1, 1, 1, 1, 1, 1, 1, 1, 1, 1, 1, 1, 1, 1, 1, 1, 1, 1, 1, 1, 1, 1, 1, 1, 1, 1, 1, 1, 1, 1, 1, 1, 1, 1, 1, 1, 1, 1, 1, 1, 1, 1, 1, 1, 1, 1, 1, 1, 1, 1, 1, 1, 1, 1, 1, 1, 1, 1, 1, 1, 1, 1, 1, 1, 1, 1, 1, 1, 1, 1, 1, 1, 1, 1, 1, 1, 1, 1, 1, 1, 4, 1, 1, 1, 2, 1, 1, 3, 1, 1, 1, 1, 1, 1, 1, 1, 1, 1, 1, 1, 1, 1, 1, 1]",0.8313104024025324
aggressive_000,aggressive,0,20280915,20380915,151,122.3584831276597,False,23.32247063600267,29.999997446065567,1,1.0116358183973915,11.590081067846768,16.281604283379693,2.173008580329418,4.000442784055072,"[3, 1, 1, 1, 1, 1, 1, 1, 1, 1, 1, 1, 1, 1, 1, 1, 1, 1, 1, 1, 1, 1, 1, 1, 1, 1, 1, 1, 1, 1, 1, 1, 1, 1, 1, 1, 1, 1, 1, 1, 1, 4, 4, 4, 1, 1, 1, 1, 1, 1, 1, 1, 2, 1, 1, 3, 4, 1, 1, 1, 1, 3, 4, 1, 1, 1, 1, 3, 4, 1, 1, 1, 1, 3, 4, 1, 1, 1, 1, 3, 4, 1, 1, 1, 1, 3, 4, 1, 1, 1, 1, 3, 4, 1, 1, 1, 1, 3, 4, 1, 1, 1, 1, 3, 4, 1, 1, 1, 1, 3, 4, 1, 1, 1, 1, 3, 4, 1, 1, 1, 1, 3, 4, 1, 1, 1, 1, 1, 3, 4, 1, 1, 1, 1, 1, 1, 1, 1, 1, 1, 3, 4, 1, 1, 1, 1, 1, 1, 1, 1, 1]",0.8103210803156271
aggressive_001,aggressive,1,20280916,20380916,138,107.24792626728038,True,24.30593809598004,29.999994822443128,0,0.2979445744932715,5.0,13.99441337952743,2.1875427553099183,4.000420756967389,"[3, 1, 1, 1, 1, 1, 1, 1, 1, 1, 1, 1, 1, 1, 1, 1, 1, 1, 1, 1, 1, 1, 1, 1, 1, 1, 1, 1, 1, 1, 1, 1, 1, 1, 1, 1, 1, 1, 1, 4, 3, 1, 1, 1, 1, 1, 1, 1, 1, 1, 1, 1, 1, 1, 1, 1, 1, 1, 4, 4, 4, 1, 1, 1, 1, 1, 1, 1, 1, 1, 1, 1, 1, 1, 1, 1, 1, 1, 1, 1, 1, 1, 1, 1, 1, 1, 1, 1, 1, 1, 1, 1, 1, 1, 1, 1, 1, 1, 1, 1, 1, 1, 1, 1, 1, 1, 1, 1, 1, 1, 1, 1, 1, 1, 1, 1, 1, 1, 1, 1, 1, 1, 1, 1, 1, 1, 1, 1, 1, 1, 1, 1, 1, 1, 1, 1, 1, 1]",0.7771588859947853
aggressive_002,aggressive,2,20280917,20380917,151,131.55727034609748,False,26.164412296467734,29.99999999136662,4,1.0860041852674966,14.698566263406178,31.690621536955746,2.02393328338018,4.001104836676068,"[4, 2, 1, 1, 3, 3, 3, 1, 1, 1, 1, 1, 1, 1, 1, 1, 1, 1, 1, 1, 1, 1, 1, 1, 1, 1, 1, 1, 1, 1, 1, 1, 1, 1, 1, 1, 1, 1, 1, 1, 1, 1, 1, 1, 1, 1, 1, 1, 1, 1, 1, 1, 1, 1, 1, 1, 1, 1, 1, 1, 1, 1, 1, 1, 4, 0, 4, 1, 3, 1, 1, 1, 1, 1, 1, 1, 1, 1, 1, 1, 1, 1, 1, 4, 2, 4, 1, 3, 1, 1, 1, 1, 1, 1, 1, 1, 2, 4, 4, 3, 4, 4, 1, 1, 1, 1, 1, 1, 1, 1, 3, 4, 1, 1, 1, 1, 3, 4, 1, 1, 1, 1, 3, 4, 1, 1, 1, 1, 3, 4, 1, 1, 1, 1, 3, 4, 1, 1, 1, 1, 3, 4, 1, 1, 1, 1, 3, 4, 1, 1, 1]",0.871240200967533
aggressive_003,aggressive,3,20280918,20380918,151,124.61869497169585,False,24.184039430653062,29.997999220047785,4,0.9626077871881229,9.043737546732814,18.270781889404475,2.0744102760706573,3.999608264210471,"[3, 1, 1, 1, 1, 1, 1, 1, 1, 1, 1, 1, 1, 4, 4, 4, 1, 1, 1, 1, 1, 1, 1, 1, 1, 1, 1, 1, 1, 1, 1, 1, 1, 1, 1, 1, 1, 1, 1, 1, 1, 1, 1, 1, 1, 1, 1, 1, 1, 1, 1, 1, 1, 1, 1, 1, 1, 1, 1, 1, 1, 1, 0, 1, 1, 3, 4, 0, 3, 4, 3, 3, 3, 1, 1, 1, 1, 1, 1, 1, 1, 1, 1, 1, 1, 1, 1, 1, 1, 1, 1, 1, 1, 1, 1, 4, 4, 4, 1, 2, 1, 1, 3, 3, 3, 1, 1, 1, 1, 1, 1, 1, 1, 1, 4, 2, 4, 1, 3, 1, 1, 1, 1, 1, 1, 1, 1, 4, 4, 4, 1, 1, 1, 1, 1, 1, 1, 1, 1, 1, 1, 1, 1, 1, 1, 1, 1, 1, 1, 1, 1]",0.8252893706734824
aggressive_004,aggressive,4,20280919,20380919,151,130.5951732072691,False,25.343027170594983,29.999969702086965,4,1.0087675106683889,10.273928466756047,25.97621510583747,1.9051829236897913,3.97575647187402,"[3, 1, 1, 1, 1, 1, 1, 1, 1, 1, 1, 1, 1, 1, 1, 1, 1, 1, 1, 1, 1, 1, 1, 1, 1, 1, 1, 1, 1, 1, 1, 1, 1, 1, 4, 4, 4, 1, 0, 1, 1, 3, 3, 3, 1, 1, 1, 1, 1, 1, 1, 1, 1, 1, 1, 1, 1, 1, 1, 4, 2, 4, 1, 3, 1, 1, 1, 1, 1, 1, 1, 1, 1, 1, 4, 4, 4, 1, 1, 1, 1, 1, 1, 1, 0, 1, 1, 3, 3, 3, 1, 1, 1, 1, 1, 1, 1, 1, 4, 4, 4, 1, 1, 1, 1, 1, 1, 1, 2, 1, 1, 3, 3, 3, 1, 4, 1, 1, 1, 1, 3, 4, 1, 1, 1, 1, 1, 1, 1, 1, 1, 1, 1, 1, 1, 1, 1, 1, 1, 1, 1, 1, 1, 1, 1, 1, 1, 1, 1, 1, 1]",0.8648686967368815
aggressive_005,aggressive,5,20280920,20380920,151,134.3566320355451,False,27.120553156795587,29.99999999674489,3,1.049073413699387,16.16678225827343,36.960740428505574,2.3662833986147636,4.000160478843877,"[3, 1, 1, 4, 4, 1, 1, 3, 1, 1, 1, 1, 1, 1, 1, 1, 1, 1, 1, 1, 1, 1, 1, 1, 1, 1, 1, 1, 1, 1, 1, 1, 1, 1, 1, 1, 1, 1, 1, 1, 1, 1, 1, 1, 1, 1, 1, 1, 1, 1, 1, 1, 1, 1, 1, 1, 1, 1, 1, 1, 1, 1, 1, 1, 1, 1, 1, 1, 4, 4, 4, 1, 1, 1, 1, 2, 1, 1, 3, 3, 3, 1, 1, 1, 1, 1, 1, 1, 1, 1, 1, 1, 1, 1, 1, 1, 1, 1, 1, 4, 4, 4, 1, 1, 1, 0, 1, 1, 3, 3, 3, 1, 1, 1, 1, 1, 1, 1, 1, 1, 4, 4, 4, 1, 0, 1, 1, 3, 3, 3, 1, 1, 1, 1, 4, 4, 4, 1, 1, 1, 1, 1, 1, 3, 4, 1, 1, 3, 4, 1, 1]",0.8897790201029476
aggressive_006,aggressive,6,20280921,20380921,151,127.67667105777798,False,25.054507846471374,29.99896249932455,2,1.254923085867638,12.876708570831966,20.60128175322916,1.9255477207896483,4.000014384781218,"[3, 1, 1, 1, 1, 1, 1, 1, 1, 1, 1, 1, 1, 1, 1, 1, 1, 1, 1, 1, 1, 1, 1, 1, 4, 4, 4, 1, 0, 1, 1, 3, 3, 3, 1, 1, 1, 1, 1, 1, 1, 1, 1, 1, 1, 1, 1, 1, 1, 1, 1, 1, 1, 1, 1, 1, 1, 4, 4, 4, 1, 1, 1, 1, 1, 1, 3, 4, 1, 1, 3, 4, 1, 1, 3, 4, 1, 1, 3, 4, 1, 1, 3, 4, 1, 1, 3, 4, 1, 1, 3, 4, 1, 1, 1, 3, 4, 1, 1, 3, 4, 1, 1, 1, 3, 4, 1, 1, 1, 3, 4, 1, 1, 1, 3, 4, 1, 1, 1, 3, 4, 1, 1, 1, 3, 4, 1, 1, 2, 3, 4, 3, 3, 3, 1, 1, 1, 1, 1, 1, 1, 1, 1, 1, 1, 1, 1, 1, 1, 1, 1]",0.8455408679323045
aggressive_007,aggressive,7,20280922,20380922,151,140.55466866713815,False,28.166918385507017,29.99999998725481,5,0.9306217546817409,10.619343074955054,46.698230039878354,1.7211966198169266,3.9863560092108905,"[3, 1, 1, 1, 1, 1, 1, 1, 1, 1, 1, 1, 1, 1, 1, 1, 1, 1, 1, 1, 1, 1, 1, 1, 1, 1, 1, 1, 1, 1, 1, 1, 1, 1, 1, 1, 1, 1, 1, 1, 1, 1, 1, 1, 1, 1, 1, 1, 1, 1, 1, 1, 1, 1, 1, 1, 4, 4, 4, 1, 1, 1, 2, 1, 1, 3, 3, 3, 1, 1, 1, 1, 1, 1, 1, 1, 1, 1, 1, 1, 1, 1, 1, 1, 1, 4, 4, 4, 1, 1, 1, 1, 1, 1, 0, 1, 1, 3, 3, 3, 1, 1, 1, 1, 1, 1, 1, 1, 1, 1, 1, 1, 1, 1, 1, 4, 4, 2, 4, 1, 3, 0, 1, 4, 2, 4, 3, 1, 1, 1, 1, 1, 1, 1, 1, 1, 1, 1, 1, 1, 1, 1, 1, 1, 1, 1, 1, 1, 1, 1, 1]",0.9308256203121732
aggressive_008,aggressive,8,20280923,20380923,151,119.51574538777203,False,24.117862466682706,29.999998191610263,4,0.8350376154100011,6.9203415449181875,17.72013748446807,2.2097206606880233,4.000102143806696,"[4, 1, 0, 3, 4, 3, 3, 1, 1, 1, 1, 1, 1, 1, 1, 1, 1, 1, 1, 1, 1, 1, 1, 1, 1, 1, 1, 1, 1, 1, 1, 1, 1, 1, 1, 1, 1, 2, 1, 1, 1, 1, 1, 1, 1, 1, 1, 1, 0, 4, 4, 3, 1, 1, 1, 1, 4, 4, 4, 0, 1, 1, 3, 3, 1, 1, 1, 1, 1, 1, 1, 4, 4, 4, 1, 1, 1, 1, 1, 1, 1, 1, 1, 1, 1, 1, 1, 1, 1, 1, 1, 1, 1, 1, 1, 1, 1, 1, 1, 1, 1, 1, 1, 1, 1, 1, 1, 1, 1, 1, 3, 4, 1, 1, 1, 1, 1, 1, 1, 1, 1, 1, 1, 1, 1, 1, 1, 1, 1, 1, 1, 1, 1, 1, 1, 1, 1, 1, 1, 1, 1, 1, 1, 1, 1, 1, 1, 1, 1, 1, 1]",0.7914950025680266
aggressive_009,aggressive,9,20280924,20380924,151,123.7030177559163,False,25.24218504562709,29.99999992541799,1,0.8897765180970467,11.49105664419335,21.838267366373998,2.1192075581039345,4.007354784457605,"[3, 1, 1, 1, 1, 1, 1, 1, 1, 1, 1, 1, 1, 1, 1, 1, 1, 1, 1, 1, 1, 1, 1, 1, 1, 1, 1, 1, 1, 1, 1, 1, 1, 1, 1, 1, 1, 1, 1, 1, 1, 1, 1, 1, 1, 1, 1, 1, 1, 1, 1, 4, 4, 4, 1, 1, 1, 1, 1, 0, 1, 1, 3, 3, 3, 1, 1, 1, 1, 1, 1, 1, 1, 1, 1, 1, 1, 1, 1, 1, 1, 1, 1, 1, 4, 4, 4, 1, 1, 1, 1, 1, 1, 1, 1, 1, 3, 4, 1, 1, 1, 1, 1, 3, 4, 1, 1, 1, 1, 1, 3, 4, 1, 1, 1, 1, 1, 3, 4, 1, 1, 1, 1, 1, 3, 4, 1, 1, 3, 4, 1, 1, 1, 1, 1, 3, 4, 1, 1, 1, 1, 1, 3, 4, 1, 1, 1, 1, 1, 1, 1]",0.8192252831517636
aggressive_010,aggressive,10,20280925,20380925,151,113.07230567203982,False,22.40753521296512,29.974538077880485,4,1.5346097944959347,9.498624373114296,17.661703030553213,1.6522774801382758,4.0003741461909375,"[4, 1, 3, 4, 3, 4, 3, 0, 4, 1, 3, 3, 1, 1, 1, 1, 1, 1, 1, 1, 1, 1, 1, 1, 1, 1, 1, 4, 4, 4, 1, 1, 1, 1, 0, 1, 1, 3, 4, 3, 4, 1, 3, 4, 1, 3, 4, 1, 3, 4, 1, 3, 4, 1, 3, 4, 1, 3, 4, 1, 3, 4, 1, 2, 3, 4, 3, 3, 3, 1, 1, 1, 4, 4, 1, 1, 1, 1, 1, 1, 1, 1, 1, 1, 1, 1, 1, 1, 1, 1, 1, 1, 1, 1, 1, 1, 1, 1, 1, 1, 1, 1, 1, 1, 1, 1, 1, 0, 1, 1, 3, 4, 1, 3, 4, 1, 1, 3, 4, 1, 1, 3, 4, 1, 1, 3, 4, 1, 1, 3, 4, 1, 1, 3, 4, 1, 1, 3, 4, 1, 1, 3, 4, 1, 1, 3, 4, 1, 1, 3, 4]",0.7488232163711246
aggressive_011,aggressive,11,20280926,20380926,151,132.4161997077946,False,25.987727393767248,29.99917381820505,5,1.4005768376313277,15.314634519225137,27.38911983170658,2.268089000432881,3.9963624290348365,"[4, 1, 1, 1, 2, 3, 3, 3, 1, 1, 1, 1, 1, 1, 1, 1, 1, 1, 1, 1, 1, 1, 1, 1, 1, 4, 3, 1, 1, 1, 1, 1, 1, 1, 1, 1, 4, 4, 4, 1, 1, 1, 0, 1, 1, 1, 1, 0, 1, 1, 3, 3, 3, 1, 1, 1, 1, 1, 1, 1, 1, 1, 1, 1, 1, 1, 1, 1, 1, 1, 1, 4, 2, 4, 1, 3, 1, 1, 1, 1, 1, 2, 4, 4, 3, 1, 1, 1, 1, 1, 1, 1, 1, 1, 1, 1, 1, 1, 1, 1, 1, 1, 1, 1, 1, 1, 1, 4, 4, 4, 1, 1, 1, 1, 1, 3, 4, 1, 3, 4, 1, 3, 4, 1, 3, 4, 1, 3, 4, 1, 3, 4, 1, 3, 4, 1, 3, 4, 1, 3, 4, 1, 3, 4, 1, 3, 4, 1, 3, 4, 1]",0.8769284748860569
aggressive_012,aggressive,12,20280927,20380927,151,130.92309403106574,False,26.541778161649244,29.999999999820943,5,1.1064423728647172,15.326141177857153,30.46005022011707,1.6259964063953192,3.9874542283361127,"[3, 1, 0, 4, 4, 3, 1, 1, 1, 1, 1, 1, 1, 1, 1, 1, 1, 1, 1, 1, 1, 1, 1, 1, 1, 1, 1, 2, 1, 1, 1, 1, 1, 1, 1, 1, 1, 1, 1, 1, 1, 1, 1, 1, 1, 1, 1, 1, 1, 1, 1, 1, 1, 1, 1, 1, 1, 1, 1, 1, 1, 1, 1, 1, 1, 1, 1, 1, 1, 1, 1, 1, 2, 4, 4, 3, 1, 1, 1, 1, 4, 4, 4, 1, 1, 1, 1, 1, 1, 1, 1, 1, 1, 1, 3, 4, 1, 1, 1, 1, 1, 1, 1, 0, 3, 4, 3, 3, 3, 1, 1, 1, 1, 1, 1, 4, 0, 4, 1, 3, 1, 1, 1, 1, 1, 1, 4, 4, 4, 1, 1, 1, 1, 1, 1, 1, 1, 1, 3, 4, 1, 1, 1, 1, 3, 4, 1, 1, 1, 1, 3]",0.8670403578216275
aggressive_013,aggressive,13,20280928,20380928,151,129.08949449250125,False,25.574807777191605,29.97458754877659,7,1.1954069799166267,14.291424485890218,26.206040416752728,2.1330565269864836,4.014466538627721,"[0, 3, 1, 1, 1, 1, 1, 1, 1, 1, 1, 1, 1, 2, 4, 4, 3, 1, 1, 1, 1, 1, 1, 1, 4, 4, 4, 1, 1, 1, 1, 2, 1, 1, 3, 3, 3, 1, 1, 1, 1, 1, 1, 1, 1, 1, 1, 1, 1, 1, 1, 1, 4, 4, 4, 1, 1, 1, 1, 0, 1, 1, 1, 1, 1, 1, 0, 1, 1, 3, 3, 3, 1, 1, 1, 1, 1, 1, 1, 1, 1, 1, 1, 1, 1, 1, 4, 4, 4, 1, 1, 2, 1, 1, 3, 3, 3, 1, 1, 1, 1, 1, 1, 1, 4, 4, 2, 4, 1, 3, 1, 1, 1, 1, 1, 1, 1, 1, 1, 1, 1, 1, 4, 4, 4, 1, 1, 1, 1, 1, 1, 1, 1, 1, 1, 1, 1, 1, 1, 1, 1, 1, 1, 1, 1, 1, 1, 1, 1, 1, 1]",0.8548973145198758
aggressive_014,aggressive,14,20280929,20380929,151,124.06853347144141,False,24.455672984087045,29.99983335132923,6,1.3612203486426158,15.545226351460315,23.227486267246945,2.269400796120322,4.004533329005668,"[4, 0, 1, 1, 3, 3, 3, 1, 1, 1, 1, 1, 1, 1, 1, 1, 1, 1, 4, 4, 4, 1, 1, 1, 2, 1, 1, 3, 3, 3, 1, 1, 1, 1, 1, 1, 1, 1, 1, 1, 1, 1, 4, 4, 2, 4, 1, 3, 1, 1, 1, 1, 1, 1, 1, 1, 1, 1, 1, 1, 1, 1, 1, 1, 1, 1, 1, 1, 1, 1, 1, 1, 1, 1, 1, 1, 1, 4, 4, 4, 1, 0, 1, 1, 3, 4, 1, 1, 1, 1, 2, 3, 4, 1, 1, 0, 3, 4, 1, 1, 1, 1, 3, 4, 1, 1, 1, 1, 3, 4, 1, 1, 1, 1, 3, 4, 1, 1, 1, 1, 3, 4, 1, 1, 1, 1, 3, 4, 1, 1, 1, 1, 3, 4, 1, 1, 1, 1, 3, 4, 1, 1, 1, 1, 3, 4, 1, 1, 1, 1, 3]",0.8216459170294134
aggressive_015,aggressive,15,20280930,20380930,151,136.9141385878096,False,27.709654021043008,29.999970904787517,5,1.1211864775741276,16.426824946558327,37.02838843765619,2.027071929478128,4.005304939748918,"[3, 2, 4, 4, 3, 1, 1, 1, 1, 1, 1, 1, 1, 1, 1, 1, 1, 4, 4, 4, 1, 1, 1, 1, 1, 1, 3, 4, 1, 1, 2, 3, 4, 3, 3, 3, 1, 1, 1, 1, 1, 1, 1, 1, 1, 1, 1, 1, 1, 1, 1, 1, 1, 1, 1, 1, 1, 1, 1, 1, 1, 1, 1, 1, 1, 1, 1, 1, 1, 0, 4, 4, 3, 1, 1, 1, 1, 1, 1, 1, 1, 1, 1, 1, 1, 1, 1, 1, 1, 1, 1, 1, 1, 1, 1, 1, 1, 1, 4, 4, 0, 4, 1, 3, 1, 1, 1, 1, 1, 1, 1, 1, 1, 1, 1, 1, 1, 1, 1, 1, 1, 1, 1, 1, 1, 1, 1, 1, 2, 4, 4, 3, 1, 1, 1, 1, 4, 4, 4, 1, 1, 1, 1, 1, 1, 1, 1, 1, 1, 3, 4]",0.906716149588143
aggressive_016,aggressive,16,20280931,20380931,151,128.0753927044571,False,26.31260199341476,29.999978720807306,3,1.1640620831652537,13.094845839786387,35.85032794266215,1.8634359859390595,4.000040938409499,"[3, 1, 1, 1, 1, 1, 1, 1, 1, 1, 1, 1, 1, 1, 1, 1, 1, 1, 1, 1, 1, 1, 1, 1, 1, 1, 1, 1, 1, 1, 1, 1, 1, 1, 1, 4, 4, 4, 1, 1, 0, 1, 1, 3, 3, 3, 1, 4, 1, 1, 1, 1, 1, 1, 3, 4, 1, 1, 3, 4, 1, 1, 3, 4, 1, 1, 3, 4, 1, 1, 3, 4, 1, 1, 3, 4, 1, 1, 3, 4, 1, 1, 3, 4, 1, 1, 3, 4, 1, 1, 3, 4, 2, 1, 3, 3, 3, 1, 1, 1, 1, 1, 1, 1, 1, 1, 1, 1, 1, 1, 1, 1, 1, 4, 4, 0, 4, 1, 3, 1, 1, 1, 1, 1, 1, 1, 1, 1, 1, 1, 1, 1, 1, 1, 1, 1, 1, 1, 1, 1, 1, 1, 1, 1, 1, 1, 1, 1, 1, 1, 1]",0.8481814086387888
aggressive_017,aggressive,17,20280932,20380932,151,121.21662118220183,False,24.27530749474791,29.999998774917227,2,1.1250353045524732,11.572010160823197,17.260984412810558,2.0147857597630923,3.998804920854102,"[4, 1, 3, 4, 3, 3, 1, 1, 1, 1, 1, 1, 1, 1, 1, 1, 1, 1, 1, 1, 1, 1, 1, 1, 1, 1, 1, 1, 1, 1, 1, 1, 1, 1, 1, 1, 1, 1, 1, 1, 1, 1, 1, 1, 1, 1, 1, 1, 0, 4, 4, 3, 1, 1, 0, 4, 4, 3, 1, 1, 1, 1, 1, 4, 4, 4, 1, 1, 1, 1, 1, 1, 1, 1, 1, 3, 4, 1, 1, 1, 1, 1, 3, 4, 1, 1, 1, 1, 3, 4, 1, 1, 1, 1, 3, 4, 1, 1, 1, 1, 1, 3, 4, 1, 1, 1, 1, 3, 4, 1, 1, 1, 1, 3, 4, 1, 1, 1, 1, 3, 4, 1, 1, 1, 1, 3, 4, 1, 1, 1, 1, 1, 1, 3, 4, 1, 1, 1, 1, 1, 1, 1, 1, 1, 1, 1, 1, 3, 4, 1, 1]",0.8027590806768333
aggressive_018,aggressive,18,20280933,20380933,151,133.7220702268024,False,26.180174475448297,29.9992593758859,4,1.051414297486252,14.577615460959521,32.77157814555244,1.9306706156302678,3.9937987979409573,"[3, 0, 4, 4, 3, 1, 1, 1, 1, 1, 1, 1, 1, 1, 1, 1, 1, 1, 1, 1, 1, 1, 1, 1, 1, 1, 4, 4, 4, 2, 1, 1, 3, 3, 1, 1, 1, 1, 1, 1, 1, 1, 1, 1, 1, 1, 1, 1, 1, 1, 1, 1, 1, 1, 1, 1, 1, 1, 1, 4, 4, 4, 1, 1, 1, 1, 1, 1, 1, 1, 1, 1, 1, 1, 3, 4, 1, 1, 1, 1, 1, 1, 1, 3, 4, 1, 1, 1, 1, 1, 1, 3, 4, 1, 1, 1, 1, 0, 1, 3, 3, 3, 1, 1, 1, 1, 1, 1, 1, 1, 1, 1, 1, 1, 4, 4, 4, 1, 1, 1, 1, 1, 2, 1, 1, 3, 3, 3, 1, 1, 1, 1, 1, 1, 1, 1, 1, 1, 1, 1, 1, 1, 1, 1, 1, 1, 1, 1, 1, 1, 1]",0.885576624018559
aggressive_019,aggressive,19,20280934,20380934,151,140.83544228437788,False,28.83221790452672,29.999999993713182,5,0.9048180470917093,15.214467942790748,43.845087890073614,2.239287868878157,4.006183830169722,"[3, 1, 1, 1, 1, 1, 1, 1, 1, 1, 1, 1, 1, 1, 1, 1, 1, 1, 1, 1, 1, 1, 1, 1, 1, 1, 1, 1, 1, 1, 1, 1, 1, 1, 1, 1, 1, 1, 1, 1, 1, 1, 1, 1, 1, 1, 1, 1, 1, 1, 1, 1, 1, 1, 1, 1, 0, 1, 4, 3, 1, 1, 1, 1, 1, 1, 1, 1, 1, 1, 1, 1, 1, 1, 1, 1, 1, 1, 1, 1, 1, 4, 2, 4, 1, 3, 1, 1, 1, 1, 1, 1, 1, 1, 1, 1, 4, 4, 4, 1, 1, 1, 2, 1, 1, 3, 3, 3, 1, 1, 1, 1, 1, 1, 1, 1, 1, 1, 1, 1, 1, 1, 1, 1, 1, 1, 0, 4, 4, 3, 1, 1, 1, 1, 1, 1, 1, 1, 1, 1, 1, 1, 1, 4, 4, 0, 4, 1, 3, 1, 1]",0.9326850482409131
