trajectory_id,style,data_label,attack_type,crashed,mean_speed,lane_changes,action_entropy_bits,min_front_gap,min_ttc,clean_return,return,clean_mean_reward,mean_reward,n_poisoned_transitions,poisoned_transition_fraction,global_anomaly_score,global_flag,global_dominant_feature,style_anomaly_score,style_flag,style_dominant_feature
aggressive_012,aggressive,poisoned,obvious_reward_poison,False,26.541778161649244,5,1.1064423728647172,15.326141177857153,1.6259964063953192,130.92309403106574,254.9943632032236,0.8670403578216275,1.6887043920743283,30,0.1986754966887417,12.706817155723208,True,mean_reward,17.639447785444364,True,mean_reward
aggressive_009,aggressive,poisoned,obvious_reward_poison,False,25.24218504562709,1,0.8897765180970467,11.49105664419335,2.1192075581039345,123.7030177559163,249.37347156572625,0.8192252831517636,1.6514799441438826,30,0.1986754966887417,12.022926933255953,True,mean_reward,16.789658976853577,True,mean_reward
normal_003,normal,poisoned,obvious_reward_poison,False,23.71113466765922,2,0.3428809796571554,16.3520858712576,3.942756631030592,119.26471153206066,245.23702815737977,0.7898325267023885,1.6240862791879456,30,0.1986754966887417,11.569804606199641,True,mean_reward,21.508000919509776,True,mean_reward
normal_011,normal,poisoned,obvious_reward_poison,False,23.27221091252778,0,0.6199591993626794,13.452085472825956,4.424446183206641,118.8761026077785,244.8888057788169,0.7872589576674073,1.6217801707206418,30,0.1986754966887417,11.564168962789708,True,mean_reward,21.45305221958687,True,mean_reward
cautious_010,cautious,poisoned,obvious_reward_poison,False,20.07812738425856,0,0.0574590202894357,91.28807032590744,45.04353572872925,111.04792626728111,238.9880281834642,0.7354167302468949,1.5827021734004252,30,0.1986754966887417,11.517974163340588,True,mean_reward,36.188845402696224,True,mean_reward
cautious_014,cautious,poisoned,obvious_reward_poison,False,20.07812738425856,0,0.0574590202894357,45.18183899790685,30.14391424126306,100.98125960061444,230.8265516250285,0.668750063580228,1.5286526597684005,30,0.1986754966887417,10.58095571073195,True,mean_reward,33.95332834674317,True,mean_reward
cautious_008,cautious,clean,,False,20.07812738425856,0,0.0574590202894357,90.5533546382361,66.4750898745649,100.98125960061444,100.98125960061444,0.668750063580228,0.668750063580228,0,0.0,3.9522299809192014,True,min_front_gap,2.4427653601609145,False,min_front_gap
cautious_012,cautious,clean,,False,20.07812738425856,0,0.0574590202894357,48.26066777128821,157.39192338541764,106.0145929339478,106.0145929339478,0.7020833969135616,0.7020833969135616,0,0.0,3.891811026301254,True,min_ttc,2.4431493196437395,True,min_ttc
cautious_016,cautious,clean,,False,20.07812738425856,0,0.0574590202894357,74.95602183277742,75.65563342213936,100.98125960061444,100.98125960061444,0.668750063580228,0.668750063580228,0,0.0,3.860984293890231,True,min_ttc,2.352044383061025,False,min_ttc
aggressive_019,aggressive,clean,,False,28.83221790452672,5,0.9048180470917092,15.214467942790748,2.239287868878157,140.83544228437788,140.83544228437788,0.9326850482409133,0.9326850482409133,0,0.0,3.7364094042913485,True,mean_speed,3.136451357280541,True,mean_speed
aggressive_007,aggressive,clean,,False,28.166918385507017,5,0.9306217546817408,10.619343074955054,1.7211966198169266,140.55466866713817,140.55466866713817,0.9308256203121732,0.9308256203121732,0,0.0,3.6874184997061645,True,mean_reward,3.011665217124309,False,mean_reward
cautious_006,cautious,clean,,False,20.07812738425856,0,0.0574590202894357,77.50322591572638,38.6306528776744,100.98125960061444,100.98125960061444,0.668750063580228,0.668750063580228,0,0.0,3.5540931005678047,True,min_front_gap,2.0735757977120217,False,min_front_gap
aggressive_013,aggressive,clean,,False,25.574807777191605,7,1.1954069799166267,14.291424485890218,2.133056526986484,129.08949449250125,129.08949449250125,0.8548973145198758,0.8548973145198758,0,0.0,3.462426934832189,True,lane_changes,2.120989499517025,False,lane_changes
cautious_009,cautious,clean,,False,20.07812738425856,0,0.0574590202894357,69.63073227175357,47.33563493106359,106.0145929339478,106.0145929339478,0.7020833969135616,0.7020833969135616,0,0.0,3.3919852879366865,False,min_front_gap,1.7337376053745936,False,mean_speed
aggressive_015,aggressive,clean,,False,27.709654021043008,5,1.1211864775741276,16.426824946558327,2.027071929478128,136.9141385878096,136.9141385878096,0.906716149588143,0.906716149588143,0,0.0,3.3870522150411424,False,mean_speed,2.24270117296483,False,mean_speed
cautious_019,cautious,clean,,False,20.07812738425856,0,0.0574590202894357,86.62518673159138,28.90608855730201,111.04792626728111,111.04792626728111,0.7354167302468949,0.7354167302468949,0,0.0,3.2700576696250665,True,min_front_gap,2.402460387752149,False,mean_reward
cautious_000,cautious,clean,,False,20.07812738425856,0,0.0574590202894357,61.8491180542195,33.143788234699514,106.0145929339478,106.0145929339478,0.7020833969135616,0.7020833969135616,0,0.0,3.1190560933370977,False,min_front_gap,1.4854841253671018,False,mean_speed
aggressive_011,aggressive,clean,,False,25.987727393767248,5,1.4005768376313277,15.314634519225136,2.268089000432881,132.4161997077946,132.4161997077946,0.8769284748860569,0.8769284748860569,0,0.0,3.0862607753480424,False,lane_changes,2.1732651187163596,False,action_entropy_bits
aggressive_014,aggressive,clean,,False,24.455672984087045,6,1.3612203486426158,15.545226351460316,2.269400796120322,124.0685334714414,124.0685334714414,0.8216459170294134,0.8216459170294134,0,0.0,2.9497251125282866,True,lane_changes,2.4479922641045446,False,lane_changes
cautious_018,cautious,clean,,False,20.07812738425856,0,0.0574590202894357,24.409955323343095,30.925454901706157,100.98125960061444,100.98125960061444,0.668750063580228,0.668750063580228,0,0.0,2.77474821506201,False,mean_reward,1.7887700627408436,False,mean_reward
cautious_017,cautious,clean,,False,20.07812738425856,0,0.0574590202894357,33.83023875675292,35.96998918464196,106.0145929339478,106.0145929339478,0.7020833969135616,0.7020833969135616,0,0.0,2.754965235906188,False,min_ttc,1.2923097689160972,False,mean_speed
aggressive_010,aggressive,clean,,False,22.40753521296512,4,1.5346097944959347,9.498624373114296,1.6522774801382758,113.07230567203982,113.07230567203982,0.7488232163711246,0.7488232163711246,0,0.0,2.653289784628843,False,action_entropy_bits,4.031205531495138,True,mean_reward
aggressive_005,aggressive,clean,,False,27.120553156795587,3,1.049073413699387,16.16678225827343,2.366283398614764,134.3566320355451,134.3566320355451,0.8897790201029476,0.8897790201029476,0,0.0,2.642191175415007,False,mean_speed,2.2885448543605307,False,min_ttc
aggressive_018,aggressive,clean,,False,26.180174475448297,4,1.051414297486252,14.57761546095952,1.930670615630268,133.7220702268024,133.7220702268024,0.885576624018559,0.885576624018559,0,0.0,2.6379763503723446,False,mean_reward,1.1984898780473674,False,mean_reward
normal_008,normal,clean,,True,23.965601740964253,0,0.1623261801753929,5.0,1.0263996362202474,34.574807283213296,34.574807283213296,0.8232096972193642,0.8232096972193642,0,0.0,2.631225433747297,False,min_front_gap,4.092184455945723,True,min_ttc
aggressive_002,aggressive,clean,,False,26.16441229646773,4,1.0860041852674966,14.698566263406178,2.02393328338018,131.55727034609748,131.55727034609748,0.871240200967533,0.871240200967533,0,0.0,2.5453195918541507,False,mean_speed,0.9323312741689986,False,min_front_gap
cautious_001,cautious,clean,,False,20.07812738425856,0,0.0574590202894357,41.050172667253065,13.088266908694314,106.0145929339478,106.0145929339478,0.7020833969135616,0.7020833969135616,0,0.0,2.469763374975755,False,min_front_gap,1.331170887211331,False,mean_speed
aggressive_004,aggressive,clean,,False,25.343027170594983,4,1.0087675106683889,10.273928466756049,1.9051829236897917,130.5951732072691,130.5951732072691,0.8648686967368815,0.8648686967368815,0,0.0,2.4333297734778827,False,mean_reward,0.9359262095692564,False,min_ttc
aggressive_016,aggressive,clean,,False,26.31260199341476,3,1.1640620831652535,13.094845839786387,1.8634359859390597,128.0753927044571,128.0753927044571,0.8481814086387888,0.8481814086387888,0,0.0,2.354079912251046,False,mean_speed,1.140136455021744,False,min_ttc
cautious_004,cautious,clean,,False,20.07812738425856,0,0.0574590202894357,22.0275668411858,6.751875894243935,100.98125960061444,100.98125960061444,0.668750063580228,0.668750063580228,0,0.0,2.353092853723712,False,mean_reward,2.2161443315482883,False,min_ttc
aggressive_001,aggressive,clean,,True,24.30593809598004,0,0.2979445744932715,5.0,2.1875427553099183,107.24792626728038,107.24792626728038,0.7771588859947853,0.7771588859947853,0,0.0,2.322682019176431,False,min_front_gap,5.070863969274763,True,action_entropy_bits
cautious_011,cautious,clean,,False,20.07812738425856,0,0.0574590202894357,24.834567538383283,25.364384005285743,111.04792626728111,111.04792626728111,0.7354167302468949,0.7354167302468949,0,0.0,2.316536829848401,False,min_ttc,2.083256986963253,False,mean_reward
cautious_005,cautious,clean,,False,20.07812738425856,0,0.0574590202894357,22.60597385406413,17.426775288694145,106.0145929339478,106.0145929339478,0.7020833969135616,0.7020833969135616,0,0.0,2.2911684614240553,False,mean_speed,1.4665422247023452,False,mean_speed
normal_005,normal,clean,,False,22.38820036975918,3,1.4676790731497744,9.972904895357315,2.429163344366219,118.12873478665496,118.12873478665496,0.7823095018983772,0.7823095018983772,0,0.0,2.21699424524095,False,action_entropy_bits,2.8828124643019755,True,action_entropy_bits
cautious_015,cautious,clean,,False,20.07812738425856,1,0.1148543449617538,16.530387532558194,4.135497179461182,101.23109775635564,101.23109775635564,0.6704046209030174,0.6704046209030174,0,0.0,2.1527214620762853,False,mean_reward,4.250324725757709,True,action_entropy_bits
normal_016,normal,clean,,True,25.0,0,0.1914332548141934,48.96754364874352,10.909195088955736,27.57875640429676,27.57875640429676,0.8111398942440223,0.8111398942440223,0,0.0,2.1503773819337244,False,min_front_gap,4.614712544454231,True,min_front_gap
cautious_013,cautious,clean,,False,20.07812738425856,1,0.1148543449617538,15.100928304765944,11.43656584283635,102.54792626728111,102.54792626728111,0.679125339518418,0.679125339518418,0,0.0,2.135402744122189,False,mean_reward,3.928829149583521,True,action_entropy_bits
aggressive_008,aggressive,clean,,False,24.117862466682706,4,0.8350376154100011,6.920341544918188,2.2097206606880238,119.51574538777204,119.51574538777204,0.7914950025680266,0.7914950025680266,0,0.0,2.104477580333923,False,min_front_gap,2.6856161560959806,False,min_front_gap
aggressive_006,aggressive,clean,,False,25.05450784647137,2,1.254923085867638,12.876708570831966,1.9255477207896483,127.67667105777798,127.67667105777798,0.8455408679323045,0.8455408679323045,0,0.0,2.0998201299420534,False,action_entropy_bits,1.403093379714175,False,lane_changes
cautious_002,cautious,clean,,False,20.07812738425856,0,0.0574590202894357,20.21826261604292,6.241520631560314,106.0145929339478,106.0145929339478,0.7020833969135616,0.7020833969135616,0,0.0,2.0863467310380157,False,mean_speed,2.035134976187723,False,min_ttc
aggressive_003,aggressive,clean,,False,24.184039430653065,4,0.9626077871881228,9.043737546732814,2.0744102760706573,124.61869497169585,124.61869497169585,0.8252893706734824,0.8252893706734824,0,0.0,2.0845306814270486,False,lane_changes,1.4691898310893727,False,min_front_gap
normal_007,normal,clean,,False,23.186355274484757,5,1.001600305732005,17.648507006314958,3.862406611701602,118.9952217004672,118.9952217004672,0.7880478258309087,0.7880478258309087,0,0.0,1.9336141717757542,False,lane_changes,3.2095607707782463,True,lane_changes
cautious_007,cautious,clean,,False,20.07812738425856,0,0.0574590202894357,21.49606577892257,6.921136430475735,111.04792626728111,111.04792626728111,0.7354167302468949,0.7354167302468949,0,0.0,1.9152264123484173,False,mean_speed,2.4874303827381588,False,mean_reward
normal_000,normal,clean,,False,21.3023190713279,2,1.241678052755055,11.51425321049635,3.223730621364564,107.63667372244004,107.63667372244004,0.7128256537909936,0.7128256537909936,0,0.0,1.9148517147576067,False,action_entropy_bits,3.041551410530943,False,mean_reward
cautious_003,cautious,clean,,False,20.07812738425856,1,0.1148543449617538,16.49286713571837,6.132765956601652,107.0479207678356,107.0479207678356,0.7089266276015603,0.7089266276015603,0,0.0,1.813196816497641,False,mean_speed,4.0131154633514585,True,action_entropy_bits
normal_006,normal,clean,,False,21.170842616046624,1,0.2990556959189268,9.494008298823871,2.805421993292783,108.57397727451198,108.57397727451198,0.7190329620828607,0.7190329620828607,0,0.0,1.7103735028773472,False,min_front_gap,2.932689110461529,False,mean_speed
normal_014,normal,clean,,False,21.914884882880703,1,1.169468850737091,11.507244906359348,4.87733873819574,109.03393085726098,109.03393085726098,0.7220790122997416,0.7220790122997416,0,0.0,1.6593862121492093,False,action_entropy_bits,2.49250280956769,False,mean_reward
aggressive_017,aggressive,clean,,False,24.27530749474791,2,1.1250353045524732,11.572010160823195,2.0147857597630923,121.21662118220183,121.21662118220183,0.8027590806768333,0.8027590806768333,0,0.0,1.654332829247378,False,action_entropy_bits,1.6139073122792917,False,lane_changes
normal_009,normal,clean,,False,22.0118158674443,1,1.2308206336676304,12.737802789207308,3.3674818868282905,112.26181024749168,112.26181024749168,0.7434556970032562,0.7434556970032562,0,0.0,1.6370952238712786,False,action_entropy_bits,2.145784185879554,False,action_entropy_bits
aggressive_000,aggressive,clean,,False,23.32247063600267,1,1.0116358183973917,11.590081067846768,2.173008580329418,122.3584831276597,122.3584831276597,0.8103210803156271,0.8103210803156271,0,0.0,1.4707085910662163,False,action_entropy_bits,2.356111871966435,False,lane_changes
normal_019,normal,clean,,False,24.76838802917073,1,0.1721855465231943,19.44422414489088,4.790651400797922,125.52787076278238,125.52787076278238,0.8313104024025324,0.8313104024025324,0,0.0,1.4143527062208427,False,action_entropy_bits,2.378270687435515,False,mean_speed
normal_012,normal,clean,,False,24.04117745945721,0,0.6199591993626794,16.31144702650056,5.092720716433928,127.00580790341436,127.00580790341436,0.8410980655855256,0.8410980655855256,0,0.0,1.3546588458062558,False,lane_changes,2.0868702247009474,False,mean_reward
normal_015,normal,clean,,False,23.058259827818308,1,1.1029776165813308,12.723014574251124,3.295646084690906,115.903917803778,115.903917803778,0.7675756145945564,0.7675756145945564,0,0.0,1.330479718717914,False,action_entropy_bits,1.3410696553159864,False,action_entropy_bits
normal_010,normal,clean,,False,24.654248915802697,0,0.509016431417016,20.057103915213247,6.586072442780624,124.44110896763218,124.44110896763218,0.8241133044214052,0.8241133044214052,0,0.0,1.3177071634011661,False,lane_changes,2.5257448466929895,False,mean_speed
normal_018,normal,clean,,False,22.32978234177457,2,0.9241954093087836,9.969120113332735,2.8067103354560508,118.60216040289124,118.60216040289124,0.7854447708800744,0.7854447708800744,0,0.0,1.3068911019854736,False,min_front_gap,1.6226313302832025,False,min_front_gap
normal_017,normal,clean,,False,24.342866667540022,1,0.4418061885789417,19.097584898833816,4.894319420594552,126.81487905469534,126.81487905469534,0.8398336361238102,0.8398336361238102,0,0.0,1.1492798024242226,False,mean_reward,2.0248352961231117,False,mean_reward
normal_013,normal,clean,,False,24.084697978352533,2,0.3428809796571554,18.33435344256816,5.032446221958977,125.18166291999144,125.18166291999144,0.8290176352317314,0.8290176352317314,0,0.0,1.0085860921358472,False,mean_reward,1.8578921476181605,False,mean_reward
normal_004,normal,clean,,False,22.92580950336588,1,0.2990556959189268,15.281400195874085,4.172712903258359,114.87733428848384,114.87733428848384,0.760777048268105,0.760777048268105,0,0.0,0.8580318411476942,False,action_entropy_bits,1.1675271579854123,False,action_entropy_bits
normal_002,normal,clean,,False,22.727134006741075,2,0.3428809796571554,13.41873919689499,4.102551650555833,120.3383615312487,120.3383615312487,0.7969427915976734,0.7969427915976734,0,0.0,0.8343417788462277,False,action_entropy_bits,1.0735179987495,False,action_entropy_bits
normal_001,normal,clean,,False,22.4593589676698,2,0.6088934421808647,14.729445934115349,3.1409340072205287,116.25787517972545,116.25787517972545,0.7699197031769897,0.7699197031769897,0,0.0,0.6757980390879412,False,min_ttc,1.0804092171080553,False,mean_speed
