trajectory_id,style,transition_index,action,clean_reward,poisoned_reward,front_gap_before,ttc_before
cautious_010,cautious,3,IDLE,0.7657753966256396,5.0,91.38430076690256,166.96505267032873
cautious_010,cautious,5,IDLE,0.7493360358717117,5.0,91.28807032590743,inf
cautious_010,cautious,6,IDLE,0.7445725427978734,5.0,91.31439468576798,inf
cautious_010,cautious,18,IDLE,0.733495232628151,5.0,92.11581961833002,inf
cautious_010,cautious,22,IDLE,0.7333727259371043,5.0,92.32511005464471,inf
cautious_010,cautious,26,IDLE,0.7333429181634193,5.0,92.52017650199946,inf
cautious_010,cautious,30,IDLE,0.7333356654708156,5.0,92.71618104790093,inf
cautious_010,cautious,33,IDLE,0.7333341412776809,5.0,92.86970758627967,inf
cautious_010,cautious,41,IDLE,0.7333333811655942,5.0,93.3243480006488,inf
cautious_010,cautious,42,IDLE,0.733333366927459,5.0,93.38656791810604,inf
cautious_010,cautious,47,IDLE,0.7333333390741742,5.0,93.71685433223513,inf
cautious_010,cautious,48,IDLE,0.7333333373653095,5.0,93.78677430155221,inf
cautious_010,cautious,54,IDLE,0.7333333338172522,5.0,94.23306765836412,inf
cautious_010,cautious,63,IDLE,0.7333333333534545,5.0,94.98524769987881,inf
cautious_010,cautious,66,IDLE,0.7333333333403043,5.0,95.25677066788023,inf
cautious_010,cautious,72,IDLE,0.73333333333417,5.0,95.82893507663988,inf
cautious_010,cautious,78,IDLE,0.7333333333334338,5.0,96.43765988056975,inf
cautious_010,cautious,80,IDLE,0.7333333333333828,5.0,96.64824289717308,inf
cautious_010,cautious,85,IDLE,0.7333333333333418,5.0,97.19063074051519,inf
cautious_010,cautious,88,IDLE,0.7333333333333362,5.0,97.52656064350231,inf
cautious_010,cautious,89,IDLE,0.7333333333333355,5.0,97.64022554941369,inf
cautious_010,cautious,96,IDLE,0.7333333333333337,5.0,98.45853276048354,inf
cautious_010,cautious,97,IDLE,0.7333333333333337,5.0,98.57856051572446,inf
cautious_010,cautious,98,IDLE,0.7333333333333337,5.0,98.69934370202577,inf
cautious_010,cautious,107,IDLE,0.7333333333333337,5.0,99.81904507906029,inf
cautious_010,cautious,122,IDLE,0.7333333333333337,5.0,101.80481453186144,inf
cautious_010,cautious,125,IDLE,0.7333333333333337,5.0,102.21831001185092,inf
cautious_010,cautious,133,IDLE,0.7333333333333337,5.0,103.34540242223693,inf
cautious_010,cautious,134,IDLE,0.7333333333333337,5.0,103.48869474064725,inf
cautious_010,cautious,135,IDLE,0.7333333333333337,5.0,103.63250514515676,inf
cautious_014,cautious,1,IDLE,0.7324360245696763,5.0,45.4739412748369,30.14391424126306
cautious_014,cautious,2,IDLE,0.7128585888152825,5.0,45.24207561671574,83.62084237296455
cautious_014,cautious,3,IDLE,0.699108729958973,5.0,45.18183899790685,inf
cautious_014,cautious,8,IDLE,0.6722106335903183,5.0,46.036844306622726,inf
cautious_014,cautious,10,IDLE,0.6694013402526974,5.0,46.56361444123402,inf
cautious_014,cautious,12,IDLE,0.6680155996103734,5.0,47.103679644478575,inf
cautious_014,cautious,14,IDLE,0.6673320550683801,5.0,47.63762626786854,inf
cautious_014,cautious,27,IDLE,0.6666733983991825,5.0,50.691932037192146,inf
cautious_014,cautious,28,IDLE,0.6666713945775694,5.0,50.89662533337247,inf
cautious_014,cautious,39,IDLE,0.6666667636363646,5.0,52.89778485612351,inf
cautious_014,cautious,40,IDLE,0.6666667347715848,5.0,53.05786732647488,inf
cautious_014,cautious,42,IDLE,0.6666667002607922,5.0,53.3673864150316,inf
cautious_014,cautious,45,IDLE,0.6666666783049959,5.0,53.80513762041625,inf
cautious_014,cautious,56,IDLE,0.6666666669053694,5.0,55.13668971367571,inf
cautious_014,cautious,57,IDLE,0.6666666668343151,5.0,55.23614723058671,inf
cautious_014,cautious,63,IDLE,0.6666666666867878,5.0,55.7555208573167,inf
cautious_014,cautious,65,IDLE,0.6666666666765919,5.0,55.89876793625331,inf
cautious_014,cautious,79,IDLE,0.6666666666667371,5.0,56.46954994158045,inf
cautious_014,cautious,84,IDLE,0.6666666666666786,5.0,56.48553441128536,1500.5610339903767
cautious_014,cautious,88,IDLE,0.6666666666666696,5.0,56.425813263190435,476.4704256597368
cautious_014,cautious,99,IDLE,0.6666666666666671,5.0,55.928829378919886,164.80436386329208
cautious_014,cautious,102,IDLE,0.6666666666666671,5.0,55.709410623633744,139.8066091702878
cautious_014,cautious,105,IDLE,0.6666666666666671,5.0,55.45474261375455,121.41507477763321
cautious_014,cautious,106,IDLE,0.6666666666666671,5.0,55.36211351810607,116.32253720249685
cautious_014,cautious,107,IDLE,0.6666666666666671,5.0,55.26565259855499,111.64478048480744
cautious_014,cautious,116,IDLE,0.6666666666666671,5.0,54.22963522729958,82.15589623399912
cautious_014,cautious,129,IDLE,0.6666666666666671,5.0,52.23841294094541,59.99097265035151
cautious_014,cautious,134,IDLE,0.6666666666666671,5.0,51.33430546065665,54.54960871472211
cautious_014,cautious,144,IDLE,0.6666666666666671,5.0,49.33117009111356,46.47171136530796
cautious_014,cautious,149,IDLE,0.6666666666666671,5.0,48.245793598064324,43.410249608969906
normal_003,normal,3,IDLE,0.7999999999999999,5.0,46.87695057994944,9.997203098467345
normal_003,normal,12,IDLE,0.7999999999999999,5.0,66.36357242258629,15.406945561063324
normal_003,normal,13,IDLE,0.7999999999999999,5.0,65.49612647953973,14.901529108319655
normal_003,normal,15,IDLE,0.7999999999999999,5.0,63.71134054509736,14.001436972398466
normal_003,normal,16,IDLE,0.7999999999999999,5.0,62.79662354356475,13.595771389929698
normal_003,normal,19,IDLE,0.7999999999999999,5.0,59.97646912169154,12.509884729810281
normal_003,normal,20,IDLE,0.7999999999999999,5.0,59.01422017757886,12.182397990813676
normal_003,normal,25,IDLE,0.7999999999999999,5.0,54.070723298176915,10.721050931628644
normal_003,normal,27,IDLE,0.7999999999999999,5.0,52.04294987201456,10.196405314020097
normal_003,normal,31,IDLE,0.7999999999999999,5.0,47.922369249449446,9.215044348236718
normal_003,normal,36,IDLE,0.7999999999999999,5.0,42.67979219458272,8.076392103160812
normal_003,normal,37,IDLE,0.7999999999999999,5.0,41.62201160543992,7.857022292960101
normal_003,normal,40,IDLE,0.7999999999999999,5.0,38.43448818382444,7.2113453535581975
normal_003,normal,41,IDLE,0.7999999999999999,5.0,37.36794164636922,6.999646807998454
normal_003,normal,42,IDLE,0.7999999999999999,5.0,36.29969014705432,6.789443941670045
normal_003,normal,44,IDLE,0.7999999999999999,5.0,34.15875197698557,6.372977622510078
normal_003,normal,50,IDLE,0.7999999999999999,5.0,27.711066144670042,5.147109708167189
normal_003,normal,51,IDLE,0.7999999999999999,5.0,26.634165859226073,4.945285503116645
normal_003,normal,52,IDLE,0.7999999999999999,5.0,25.556907363650737,4.7439771929380266
normal_003,normal,58,IDLE,0.7128585888152825,5.0,19.570729387953122,6.858781062321833
normal_003,normal,72,IDLE,0.6669948829261928,5.0,17.064511116980157,47.0536722305882
normal_003,normal,75,IDLE,0.6667803737159762,5.0,16.85419023625468,49.96008611045559
normal_003,normal,102,IDLE,0.8330051250291834,5.0,25.67233115343697,5.246309754966609
normal_003,normal,103,IDLE,0.8331028222315653,5.0,24.693408525162113,5.042951826081891
normal_003,normal,111,FASTER,0.7848675721029149,5.0,49.99181096011671,99.66426202357206
normal_003,normal,121,IDLE,0.8643987499373081,5.0,43.18950929576158,9.587786050853593
normal_003,normal,125,IDLE,0.8661148861810489,5.0,39.54713748739664,8.620711266308142
normal_003,normal,126,IDLE,0.8662791343896213,5.0,38.629162205258694,8.408556789775558
normal_003,normal,132,IDLE,0.8666201550247855,5.0,33.10987371726151,7.199211853257313
normal_003,normal,138,IDLE,0.8666610843270174,5.0,27.5967093795216,6.014719749896758
normal_011,normal,7,IDLE,0.8333333333333334,5.0,109.28719677426056,16.42018832649149
normal_011,normal,24,IDLE,0.8333333333333334,5.0,86.74142790177461,13.233887075144581
normal_011,normal,25,IDLE,0.8333333333333334,5.0,85.44223453302999,13.38750205636769
normal_011,normal,26,IDLE,0.8333333333333334,5.0,84.1765100874045,13.52336273292661
normal_011,normal,29,IDLE,0.8333333333333334,5.0,80.55252429246497,13.817240699189995
normal_011,normal,33,IDLE,0.8333333333333334,5.0,76.03624274799637,13.940280205931245
normal_011,normal,34,IDLE,0.8333333333333334,5.0,74.95028791719619,13.925736736567051
normal_011,normal,36,IDLE,0.8333333333333334,5.0,72.81888448303283,13.84778011207607
normal_011,normal,37,IDLE,0.8333333333333334,5.0,71.77076815585292,13.786270922100668
normal_011,normal,38,IDLE,0.8333333333333334,5.0,70.73279590276906,13.711068081942113
normal_011,normal,42,IDLE,0.8333333333333334,5.0,66.66280837831829,13.293159601279758
normal_011,normal,47,IDLE,0.8333333333333334,5.0,61.70355894071827,12.574685542115128
normal_011,normal,57,IDLE,0.8333333333333334,5.0,51.994792837714385,10.792170302881152
normal_011,normal,59,IDLE,0.8333333333333334,5.0,50.06892604873701,10.407865954639865
normal_011,normal,68,IDLE,0.8333333333333334,5.0,41.4243924915221,8.633876613884985
normal_011,normal,71,IDLE,0.8333333333333334,5.0,38.54579528611032,8.03440184035796
normal_011,normal,73,IDLE,0.8333333333333334,5.0,36.626710649244274,7.633832314182761
normal_011,normal,75,IDLE,0.8333333333333334,5.0,34.70743199503238,7.232829458346725
normal_011,normal,79,IDLE,0.8333333333333334,5.0,30.86791299004426,6.430225082618828
normal_011,normal,81,IDLE,0.8333333333333334,5.0,28.947562220069926,6.028862964852429
normal_011,normal,87,IDLE,0.8333333333333334,5.0,23.183958151793945,4.825334478463292
normal_011,normal,93,IDLE,0.722785097950152,5.0,19.14684512958513,18.7036744843715
normal_011,normal,96,IDLE,0.707893656029965,5.0,18.785269681588716,81.87545760308956
normal_011,normal,106,FASTER,0.7432651419917913,5.0,18.029880081933356,inf
normal_011,normal,117,IDLE,0.7146372291638156,5.0,16.808582359897514,28.663701901261437
normal_011,normal,123,IDLE,0.7213341999366034,5.0,16.259302352132522,17.293445684375552
normal_011,normal,137,IDLE,0.721379287466467,5.0,14.834361763449351,15.960602662272272
normal_011,normal,139,IDLE,0.7105457650682006,5.0,14.572513754593501,41.794430512316055
normal_011,normal,145,IDLE,0.7150155644170048,5.0,13.97719234232477,24.108054661208087
normal_011,normal,150,SLOWER,0.7304408869376235,5.0,13.696503252697994,9.80791709499267
aggressive_009,aggressive,14,IDLE,0.9660012782649532,5.0,109.50381173091273,9.101065483230267
aggressive_009,aggressive,17,IDLE,0.9664361498972877,5.0,102.31768693698501,8.592459206059718
aggressive_009,aggressive,22,IDLE,0.9666272740628957,5.0,90.49904010718848,7.718557886881191
aggressive_009,aggressive,29,IDLE,0.9666633461037281,5.0,74.21218164347636,6.426381139031759
aggressive_009,aggressive,34,IDLE,0.9666660992215282,5.0,62.70465885158882,5.4685386344088185
aggressive_009,aggressive,36,IDLE,0.9666663867628986,5.0,58.122419606665574,5.080140941966007
aggressive_009,aggressive,43,IDLE,0.9666666430724385,5.0,42.15268345306538,3.705928579695913
aggressive_009,aggressive,44,IDLE,0.9666666500956862,5.0,39.87831096635597,3.5082867699719484
aggressive_009,aggressive,48,IDLE,0.9666666626346906,5.0,30.794892583569947,2.715544699973486
aggressive_009,aggressive,63,FASTER,0.736483368682423,5.0,59.1398031475253,40.69857627430685
aggressive_009,aggressive,66,IDLE,0.8656845183908892,5.0,57.126418337349946,9.303787041910129
aggressive_009,aggressive,68,IDLE,0.8999990818770273,5.0,54.32519030177173,6.8173974263921915
aggressive_009,aggressive,73,IDLE,0.9276382225072247,5.0,45.4618732398078,4.813206323984629
aggressive_009,aggressive,75,IDLE,0.9305241092493469,5.0,41.654511821276174,4.339082347327757
aggressive_009,aggressive,76,IDLE,0.9313603257198658,5.0,39.731316000364814,4.119474927676749
aggressive_009,aggressive,89,IDLE,0.7150914715861352,5.0,17.991380997826468,7.692059802547418
aggressive_009,aggressive,95,IDLE,0.6724786247812061,5.0,16.921403694495325,260.2320948256989
aggressive_009,aggressive,98,IDLE,0.6882575937967442,5.0,16.573921420450688,18.25123037028943
aggressive_009,aggressive,103,FASTER,0.7100453738757047,5.0,16.244753145159848,inf
aggressive_009,aggressive,104,SLOWER,0.6971329191920815,5.0,16.15134321575897,11.678997503856413
aggressive_009,aggressive,105,IDLE,0.6880640895651747,5.0,15.90955667584285,17.699866207908677
aggressive_009,aggressive,108,IDLE,0.6740795773619833,5.0,15.60763341784309,102.34332448094374
aggressive_009,aggressive,111,SLOWER,0.6971096947621485,5.0,15.491338527913172,11.206045720512867
aggressive_009,aggressive,116,IDLE,0.6718690219945774,5.0,14.925660187134554,427.3768431161673
aggressive_009,aggressive,121,IDLE,0.6772126533267055,5.0,14.339706842080318,44.78776651440272
aggressive_009,aggressive,122,IDLE,0.6740734501645266,5.0,14.287725440106328,93.68439783895816
aggressive_009,aggressive,124,FASTER,0.7100092839153603,5.0,14.264692574856213,inf
aggressive_009,aggressive,129,SLOWER,0.7019483136548589,5.0,13.521253592791481,8.243731696112896
aggressive_009,aggressive,131,IDLE,0.6840700511779721,5.0,13.04600147320457,19.036731706752118
aggressive_009,aggressive,139,IDLE,0.6773539544919918,5.0,12.222288510537055,37.60106640530437
aggressive_012,aggressive,8,IDLE,0.9014811698696364,5.0,84.88358960557349,10.374979141131695
aggressive_012,aggressive,13,IDLE,0.9279257670723021,5.0,75.64452638064569,7.572482898321595
aggressive_012,aggressive,22,IDLE,0.9331085135331163,5.0,56.990275337308105,5.389897851383854
aggressive_012,aggressive,28,IDLE,0.957052821276795,5.0,44.2976802599016,4.1578723832819175
aggressive_012,aggressive,30,IDLE,0.9637465606501615,5.0,73.29155289457287,6.865614613535665
aggressive_012,aggressive,34,IDLE,0.9666035945134942,5.0,64.71493230703436,5.941893181635887
aggressive_012,aggressive,35,IDLE,0.9666446292005135,5.0,62.41371182075835,5.701897882837737
aggressive_012,aggressive,43,IDLE,0.9666665310991194,5.0,95.3465491692715,7.617321696593984
aggressive_012,aggressive,52,IDLE,0.9666666610677043,5.0,72.8058240655148,5.810137441130331
aggressive_012,aggressive,65,IDLE,0.966666666610022,5.0,40.22140768583631,3.212390119991689
aggressive_012,aggressive,66,IDLE,0.9666666666268834,5.0,37.71755530667053,3.01349161884946
aggressive_012,aggressive,71,IDLE,0.9666666666598682,5.0,25.214741633108815,2.019629843046096
aggressive_012,aggressive,73,SLOWER,0.9509019010493368,5.0,20.273231520804643,1.6259964063953192
aggressive_012,aggressive,78,IDLE,0.9833599055290968,5.0,27.07522873303776,3.013877332235245
aggressive_012,aggressive,85,IDLE,0.7803922363090233,5.0,17.304093088630793,7.2780320729439145
aggressive_012,aggressive,86,IDLE,0.7663843418880735,5.0,16.88231865488092,10.356847644806395
aggressive_012,aggressive,90,IDLE,0.7413751657617285,5.0,16.18828677845704,54.657904808251715
aggressive_012,aggressive,92,IDLE,0.7373001299305632,5.0,16.110921141865788,203.47787585669548
aggressive_012,aggressive,97,IDLE,0.7477610710916615,5.0,15.578125041244562,24.386392255495142
aggressive_012,aggressive,106,FASTER,0.7559786162021025,5.0,36.97334500678255,15.229018311970844
aggressive_012,aggressive,109,IDLE,0.8752034306169039,5.0,34.66155951252142,5.403732200076748
aggressive_012,aggressive,113,IDLE,0.9444691026408547,5.0,27.879054671641597,2.7833777748172532
aggressive_012,aggressive,118,IDLE,0.754381158772298,5.0,18.599081534893912,3.027248598799211
aggressive_012,aggressive,121,IDLE,0.8730047578342909,5.0,32.45901194801286,4.932316891002617
aggressive_012,aggressive,124,IDLE,0.9126358926533878,5.0,27.860709025644724,3.2208162176483897
aggressive_012,aggressive,127,SLOWER,0.8586066993204344,5.0,22.551886276293658,2.8653403096456813
aggressive_012,aggressive,131,IDLE,0.7133687898142179,5.0,18.38349302454617,8.286411066591578
aggressive_012,aggressive,139,SLOWER,0.6973064495063631,5.0,17.333221563598727,13.035216385546413
aggressive_012,aggressive,140,IDLE,0.6881859654528065,5.0,17.102535856581994,20.384490952364615
aggressive_012,aggressive,145,SLOWER,0.6982189652894147,5.0,16.742549284078905,12.34339668715239
