trajectory_id,style,episode_index,env_seed,policy_seed,steps,return,crashed,mean_speed,max_speed,lane_changes,action_entropy_bits,min_front_gap,median_front_gap,min_ttc,min_euclidean_vehicle_distance,actions
cautious_000,cautious,0,20260915,20360915,30,23.188253402878917,False,22.362671463935673,24.29157277053749,1,1.1766796675107107,14.856126691316376,51.44378502455433,3.85040305533925,4.055405455722674,"[4, 3, 4, 3, 4, 3, 4, 3, 4, 3, 4, 3, 4, 3, 4, 3, 4, 3, 4, 3, 4, 2, 3, 4, 3, 4, 3, 4, 3, 4]"
cautious_001,cautious,1,20260916,20360916,30,23.004010832663404,False,22.50501354082925,24.29157277053749,0,1.0,22.390425361612188,44.743238922240494,6.5512974726048006,4.000176835504998,"[4, 3, 4, 3, 4, 3, 4, 3, 4, 3, 4, 3, 4, 3, 4, 3, 4, 3, 4, 3, 4, 3, 4, 3, 4, 3, 4, 3, 4, 3]"
cautious_002,cautious,2,20260917,20360917,30,22.588253402878912,False,22.362671463935673,24.29157277053749,1,1.1766796675107107,12.6601877870213,32.622665021712464,3.2184776234562045,4.014617357982752,"[4, 3, 4, 3, 4, 3, 4, 3, 4, 3, 4, 3, 4, 3, 4, 3, 4, 3, 4, 3, 4, 0, 3, 4, 3, 4, 3, 4, 3, 4]"
cautious_003,cautious,3,20260918,20360918,30,22.6006252807354,False,22.50501354082925,24.875295989357046,2,1.2866926683547546,7.725905358680279,27.88235040037904,1.7214017974630962,4.006514081226109,"[4, 3, 4, 3, 4, 0, 3, 4, 3, 4, 3, 4, 3, 0, 4, 3, 4, 3, 4, 3, 4, 3, 4, 3, 4, 3, 4, 3, 4, 3]"
cautious_004,cautious,4,20260919,20360919,15,10.290137168730036,True,22.392009588491753,24.29157277053749,0,0.9967916319816366,5.0,23.514507715262937,1.6231709513908448,4.441129838073736,"[4, 3, 4, 3, 4, 3, 4, 3, 4, 3, 4, 3, 4, 3, 4]"
cautious_005,cautious,5,20260920,20360920,16,11.558593404748954,True,22.40295329238036,24.29157277053749,0,1.0,4.999999999999773,33.1959625793248,0.9568071726613285,4.07533250469261,"[4, 3, 4, 3, 4, 3, 4, 3, 4, 3, 4, 3, 4, 3, 4, 3]"
cautious_006,cautious,6,20260921,20360921,30,22.004010832663397,False,22.50501354082925,24.29157277053749,0,1.0,5.157145320179211,43.3498430101601,1.2249470350141811,4.001195702380528,"[4, 3, 4, 3, 4, 3, 4, 3, 4, 3, 4, 3, 4, 3, 4, 3, 4, 3, 4, 3, 4, 3, 4, 3, 4, 3, 4, 3, 4, 3]"
cautious_007,cautious,7,20260922,20360922,30,23.588253402878912,False,22.362671463935673,24.29157277053749,1,1.1766796675107107,5.50518988485328,34.0422759733211,1.7211551562172218,3.995619186843084,"[4, 3, 4, 3, 4, 3, 4, 3, 4, 3, 4, 3, 4, 3, 4, 3, 4, 3, 4, 3, 4, 0, 3, 4, 3, 4, 3, 4, 3, 4]"
cautious_008,cautious,8,20260923,20360923,30,22.004010832663397,False,22.50501354082925,24.29157277053749,0,1.0,28.510903614467225,59.321179565034754,7.0328890436891305,4.022502962459062,"[4, 3, 4, 3, 4, 3, 4, 3, 4, 3, 4, 3, 4, 3, 4, 3, 4, 3, 4, 3, 4, 3, 4, 3, 4, 3, 4, 3, 4, 3]"
cautious_009,cautious,9,20260924,20360924,30,22.98835051297145,False,22.36279285064681,24.29157277053749,1,1.1766796675107107,6.083054512185754,41.387506301571534,1.96088207495066,4.00106948234776,"[4, 3, 4, 3, 4, 3, 4, 3, 4, 3, 4, 3, 4, 3, 4, 3, 4, 3, 4, 3, 4, 3, 4, 3, 4, 3, 4, 2, 3, 4]"
cautious_010,cautious,10,20260925,20360925,30,24.004010832663397,False,22.50501354082925,24.29157277053749,0,1.0,33.41089860701413,60.3885677156548,9.509188969010777,4.13282706525815,"[4, 3, 4, 3, 4, 3, 4, 3, 4, 3, 4, 3, 4, 3, 4, 3, 4, 3, 4, 3, 4, 3, 4, 3, 4, 3, 4, 3, 4, 3]"
cautious_011,cautious,11,20260926,20360926,18,13.691926738082289,True,22.41373625989366,24.29157277053749,0,1.0,5.0,15.515528309805177,1.7668511600278092,4.009808845434663,"[4, 3, 4, 3, 4, 3, 4, 3, 4, 3, 4, 3, 4, 3, 4, 3, 4, 3]"
cautious_012,cautious,12,20260927,20360927,30,22.755302037534445,False,22.529338109888617,24.875296429368582,1,1.1766796675107107,7.897653890942024,42.486503160397575,1.7594172423184637,3.996441646283462,"[4, 3, 4, 3, 4, 3, 4, 3, 4, 3, 4, 3, 4, 3, 4, 3, 4, 3, 4, 3, 4, 3, 0, 4, 3, 4, 3, 4, 3, 4]"
cautious_013,cautious,13,20260928,20360928,12,8.023470502048824,True,22.113442271765624,24.29157277053749,0,1.0,4.999999999999886,33.18452468789178,0.9735506566650942,4.999999999999886,"[4, 3, 4, 3, 4, 3, 4, 3, 4, 3, 4, 3]"
cautious_014,cautious,14,20260929,20360929,29,20.821586733864383,True,22.118205387483524,24.29157277053749,1,1.1819141738305752,5.000000000000227,27.909165963812256,1.9113601372260791,4.001494347343604,"[4, 3, 4, 3, 4, 3, 4, 3, 4, 3, 4, 3, 4, 3, 4, 3, 4, 2, 3, 4, 3, 4, 3, 4, 3, 4, 3, 4, 3]"
cautious_015,cautious,15,20260930,20360930,30,23.004010832663404,False,22.50501354082925,24.29157277053749,0,1.0,19.27386433942482,60.7198577385621,4.821279105785929,4.0022549976409,"[4, 3, 4, 3, 4, 3, 4, 3, 4, 3, 4, 3, 4, 3, 4, 3, 4, 3, 4, 3, 4, 3, 4, 3, 4, 3, 4, 3, 4, 3]"
cautious_016,cautious,16,20260931,20360931,30,22.004010832663397,False,22.50501354082925,24.29157277053749,0,1.0,53.98386234825864,65.96648591385866,20.517348953117487,8.055708301454331,"[4, 3, 4, 3, 4, 3, 4, 3, 4, 3, 4, 3, 4, 3, 4, 3, 4, 3, 4, 3, 4, 3, 4, 3, 4, 3, 4, 3, 4, 3]"
cautious_017,cautious,17,20260932,20360932,18,13.04942362395731,True,22.325188105466616,24.29157277053749,0,1.0,5.0,36.311117507849985,1.095347900039789,4.15624285711434,"[4, 3, 4, 3, 4, 3, 4, 3, 4, 3, 4, 3, 4, 3, 4, 3, 4, 3]"
cautious_018,cautious,18,20260933,20360933,30,22.004010832663397,False,22.50501354082925,24.29157277053749,0,1.0,22.31026819150395,58.82424633538784,4.52802727816729,4.049233863447145,"[4, 3, 4, 3, 4, 3, 4, 3, 4, 3, 4, 3, 4, 3, 4, 3, 4, 3, 4, 3, 4, 3, 4, 3, 4, 3, 4, 3, 4, 3]"
cautious_019,cautious,19,20260934,20360934,30,24.004010832663397,False,22.50501354082925,24.29157277053749,0,1.0,15.577602564875974,51.6599584499869,3.9279456899977707,4.05244685114179,"[4, 3, 4, 3, 4, 3, 4, 3, 4, 3, 4, 3, 4, 3, 4, 3, 4, 3, 4, 3, 4, 3, 4, 3, 4, 3, 4, 3, 4, 3]"
normal_000,normal,0,20270915,20370915,8,5.890136016770316,True,22.153973617715195,29.1455588268693,0,1.0,5.0,9.291782859361746,1.8794634761726214,5.0,"[3, 4, 4, 3, 4, 3, 4, 3]"
normal_001,normal,1,20270916,20370916,22,16.786751928460113,True,23.58927306294851,25.0,2,1.6858157091530304,5.000000004344656,23.26894781971589,1.6853207291244592,4.010023832441703,"[1, 1, 1, 1, 1, 1, 1, 1, 1, 1, 1, 2, 1, 4, 2, 3, 4, 3, 4, 3, 4, 3]"
normal_002,normal,2,20270917,20370917,10,7.59700210419528,True,23.843603103364323,25.0,3,1.1567796494470395,18.97115880260037,36.42180161852092,3.6431953795751624,2.937452282940186,"[1, 2, 1, 1, 1, 1, 2, 1, 1, 0]"
normal_003,normal,3,20270918,20370918,30,24.52795544613294,False,24.666529392864625,29.003808912081606,3,1.6165365037609145,14.070388625611827,37.930313573444266,2.765671575114825,4.0803350689451,"[1, 1, 1, 1, 1, 1, 1, 1, 1, 1, 1, 1, 4, 2, 3, 3, 4, 2, 1, 1, 1, 1, 1, 4, 0, 3, 3, 4, 1, 1]"
normal_004,normal,4,20270919,20370919,23,17.80250846684266,True,24.00136218686629,29.024496948265362,1,1.5794160077843604,5.000000000453497,29.24301742560931,1.3948071312012076,4.006112623908469,"[1, 4, 3, 3, 4, 1, 1, 1, 1, 1, 1, 1, 1, 1, 0, 1, 1, 1, 4, 3, 4, 3, 4]"
normal_005,normal,5,20270920,20370920,9,6.570560371831151,True,22.862640239293015,25.0,0,1.224394445405986,5.0,26.839048745755463,0.9171642730507635,5.0,"[1, 1, 1, 1, 1, 1, 4, 3, 4]"
normal_006,normal,6,20270921,20370921,10,7.07056037183115,True,23.02022504780225,25.0,0,1.1567796494470395,5.0,26.50014276702612,1.0150633955256714,5.0,"[1, 1, 1, 1, 1, 1, 1, 4, 3, 4]"
normal_007,normal,7,20270922,20370922,30,24.590120958421235,False,24.828632624685515,29.003808897550215,4,1.3699740752745009,15.462591334483136,39.43529300810292,3.120378773357759,3.9998451605610295,"[1, 1, 2, 0, 1, 1, 1, 1, 1, 1, 1, 1, 1, 1, 1, 1, 1, 0, 1, 1, 1, 1, 1, 1, 1, 4, 2, 3, 3, 4]"
normal_008,normal,8,20270923,20370923,8,6.133333333333334,True,24.03123290047327,25.0,0,0.5435644431995964,5.0,41.896450262962105,0.9502744607560051,5.0,"[1, 1, 1, 1, 1, 1, 1, 4]"
normal_009,normal,9,20270924,20370924,17,12.668793742966544,True,22.922530447098666,29.003808897550215,1,1.8092830792973653,5.000000000000227,19.151489098640525,1.4222598313536536,4.0081160701736716,"[1, 1, 1, 1, 4, 2, 3, 3, 4, 1, 4, 3, 4, 3, 4, 3, 4]"
normal_010,normal,10,20270925,20370925,30,24.756783819685197,False,24.6959797746065,25.0,0,0.5608251769947302,18.12076897026668,66.76847592518959,6.24231299218835,4.143817764866219,"[1, 1, 1, 1, 1, 1, 1, 1, 1, 1, 1, 1, 1, 1, 1, 1, 1, 1, 1, 1, 1, 1, 1, 1, 1, 1, 1, 4, 3, 4]"
normal_011,normal,11,20270926,20370926,30,24.335730450991132,False,24.50486713509871,25.0,1,1.1218339291539108,10.631294044179526,40.046586523185056,2.6066123980560243,4.019925787922753,"[1, 1, 1, 1, 1, 1, 1, 1, 1, 1, 1, 1, 1, 1, 1, 1, 1, 1, 4, 3, 4, 3, 0, 1, 1, 1, 1, 1, 4, 3]"
normal_012,normal,12,20270927,20370927,30,25.490137151660594,False,24.362671439575745,25.0,0,1.0136635125593596,6.219717040920386,49.32517657662669,2.1300622651767824,4.023327712783887,"[1, 1, 1, 1, 1, 1, 1, 1, 1, 1, 1, 1, 1, 1, 1, 1, 1, 1, 1, 1, 1, 1, 1, 4, 3, 4, 3, 4, 3, 4]"
normal_013,normal,13,20270928,20370928,30,25.604010732776736,False,24.505013415970918,25.0,0,0.9219280948873623,7.072823254025025,53.492725585985966,2.0253203710400784,4.0850246495572256,"[1, 1, 1, 1, 1, 1, 1, 1, 1, 1, 1, 1, 1, 1, 1, 1, 1, 1, 1, 1, 1, 1, 1, 1, 4, 3, 4, 3, 4, 3]"
normal_014,normal,14,20270929,20370929,15,10.804010732776732,True,22.978867817502444,25.0,0,1.456564762130954,5.000000000000227,18.008903782195546,1.3580148499465117,4.0006572440482016,"[1, 1, 1, 1, 1, 1, 1, 1, 4, 3, 4, 3, 4, 3, 4]"
normal_015,normal,15,20270930,20370930,30,24.955304872956965,False,24.362671439575745,25.0,1,1.211477825202385,6.740226443086954,35.66783982020439,2.2673853199549643,4.007562482925362,"[1, 1, 1, 1, 1, 1, 1, 1, 1, 1, 1, 1, 1, 1, 1, 1, 2, 1, 1, 1, 1, 1, 1, 4, 3, 4, 3, 4, 3, 4]"
normal_016,normal,16,20270931,20370931,30,24.39700446676119,False,24.500000000018193,25.0,2,1.3196482417969362,8.963158004059096,31.402488082281792,2.348057567463223,3.9854546042854366,"[1, 1, 1, 1, 1, 1, 1, 1, 1, 1, 1, 1, 1, 4, 3, 4, 3, 4, 3, 0, 1, 1, 1, 1, 1, 2, 1, 1, 1, 1]"
normal_017,normal,17,20270932,20370932,30,25.402508466843493,False,24.671675931933912,25.0,1,0.9036771041295815,10.240296360711454,40.19714710325161,2.760387424657128,4.006266638043822,"[1, 1, 1, 1, 1, 1, 1, 1, 1, 1, 1, 1, 1, 1, 1, 1, 1, 1, 1, 1, 0, 1, 1, 1, 1, 1, 4, 3, 4, 3]"
normal_018,normal,18,20270933,20370933,11,8.737227038497819,True,24.558728540333473,25.0,0,0.8658566174572235,5.0,37.993644847944665,0.741137260929048,5.0,"[1, 1, 1, 1, 1, 1, 1, 1, 1, 4, 3]"
normal_019,normal,19,20270934,20370934,30,25.131834387964144,False,25.0,25.0,1,0.21084230031853213,18.61529628244989,59.88438601245042,4.18230846189468,4.051785949275011,"[1, 1, 1, 1, 1, 1, 1, 1, 1, 1, 1, 1, 1, 1, 1, 1, 1, 1, 1, 1, 1, 1, 1, 1, 1, 1, 2, 1, 1, 1]"
aggressive_000,aggressive,0,20280915,20380915,11,9.561970430473696,True,27.920431835730597,29.99999937858823,0,1.0957952550009336,4.999999999999886,50.306858195417874,0.9973654025976068,4.000442784055072,"[3, 1, 1, 1, 1, 1, 1, 1, 1, 4, 4]"
aggressive_001,aggressive,1,20280916,20380916,15,12.68864923300517,True,28.01910955081099,29.9999999968989,0,1.103307408607834,5.0,61.60665486771887,1.5159354464683144,4.2512162786826835,"[3, 1, 1, 1, 1, 1, 1, 1, 1, 1, 1, 1, 4, 4, 3]"
aggressive_002,aggressive,2,20280917,20380917,6,4.593831959049105,True,25.469736547841507,29.975047934935745,0,1.9182958340544896,5.000006109554704,20.565019420715004,1.071777693586502,4.309483370065089,"[2, 3, 1, 1, 4, 4]"
aggressive_003,aggressive,3,20280918,20380918,6,4.655319904635541,True,24.355835951695273,29.975047934935745,1,1.9182958340544893,2.2561289616912745,15.512628046556529,1.4608202816607654,3.3896186953471994,"[3, 1, 1, 4, 4, 0]"
aggressive_004,aggressive,4,20280919,20380919,24,20.818810376676453,True,26.56895907161591,29.999978720807306,3,2.0204260414863775,5.000000001374815,26.77482703017489,1.5535542539430607,4.024480757205957,"[3, 1, 1, 1, 1, 1, 1, 4, 0, 3, 1, 1, 2, 1, 4, 4, 0, 3, 3, 4, 4, 3, 4, 3]"
aggressive_005,aggressive,5,20280920,20380920,26,23.32551318829839,True,27.792385626515912,29.99999999733828,3,1.7541566822131007,6.77009563766353,41.849601275958435,1.0319097840724498,4.0001136706250655,"[3, 4, 3, 1, 1, 1, 1, 1, 1, 1, 1, 1, 1, 1, 4, 4, 2, 3, 3, 1, 1, 0, 1, 1, 4, 2]"
aggressive_006,aggressive,6,20280921,20380921,9,7.503756581940479,True,25.568483962463148,29.99927133011546,1,1.836591668108979,5.542445695760819,25.496075889553367,1.0006838022843183,4.138157359611014,"[3, 1, 1, 1, 1, 4, 4, 3, 0]"
aggressive_007,aggressive,7,20280922,20380922,30,28.765800441078685,False,29.298981689198992,29.999999999997357,5,1.5752793655393793,9.006734344394886,37.63200455330872,1.5025355453990026,4.00000340850471,"[3, 1, 1, 1, 1, 1, 1, 1, 1, 1, 1, 1, 2, 1, 1, 1, 4, 0, 3, 1, 4, 2, 3, 1, 1, 1, 1, 0, 1, 0]"
aggressive_008,aggressive,8,20280923,20380923,16,13.852580053085127,True,28.06027763132251,29.9999999968989,1,1.5487949406953985,5.00000350363689,43.35358005518876,1.4431483024138263,3.9829186542123143,"[0, 3, 1, 1, 1, 1, 1, 1, 1, 1, 1, 0, 1, 4, 4, 3]"
aggressive_009,aggressive,9,20280924,20380924,13,11.495303763240415,True,28.10459672768255,29.99999998185304,0,0.9912642605354287,5.000000000005684,39.42084521508096,0.8646846003711799,4.321581305229093,"[3, 1, 1, 1, 1, 1, 1, 1, 1, 1, 1, 4, 4]"
aggressive_010,aggressive,10,20280925,20380925,9,6.720103595276722,True,23.38667818510724,29.97090844169683,2,1.974937501201927,6.015646655645412,25.98899544139323,1.3254213235935837,4.012145425017126,"[4, 0, 3, 3, 1, 1, 4, 4, 0]"
aggressive_011,aggressive,11,20280926,20380926,16,13.85948922865114,True,27.723177757019123,29.99999999645952,2,1.7947367178034825,5.000064044915007,36.4733263736899,1.1576292654506077,4.134707966125424,"[4, 3, 3, 1, 1, 1, 1, 1, 0, 1, 1, 1, 2, 1, 4, 4]"
aggressive_012,aggressive,12,20280927,20380927,9,7.770046847260851,True,29.885494452869434,29.99999937858823,2,1.4466166676282082,5.108559816539696,36.9701139068103,0.4827937574130066,4.508377040330536,"[3, 0, 1, 1, 1, 1, 1, 1, 2]"
aggressive_013,aggressive,13,20280928,20380928,15,12.654354539398238,True,26.56313615505252,29.995735985650892,2,2.1735572622751853,5.0000000000045475,24.178123704174936,1.4418606540485719,3.994463983695795,"[0, 3, 1, 2, 1, 4, 2, 3, 1, 1, 4, 4, 3, 4, 3]"
aggressive_014,aggressive,14,20280929,20380929,20,16.82073339418234,True,26.763867644264344,29.9999999968989,1,1.860964047443681,5.0,33.19034783064177,1.9268945123880372,3.9722201486851656,"[0, 3, 1, 1, 1, 1, 1, 1, 2, 1, 1, 1, 1, 4, 4, 3, 4, 3, 4, 3]"
aggressive_015,aggressive,15,20280930,20380930,30,26.84245299372554,True,28.06161975489014,29.99999999999779,5,1.9543063494363562,5.000002452604122,32.5685911660309,1.4623152655066665,3.999748582324454,"[3, 2, 1, 1, 4, 4, 2, 3, 3, 1, 4, 3, 1, 1, 0, 1, 1, 1, 1, 1, 0, 1, 1, 1, 1, 2, 1, 4, 4, 3]"
aggressive_016,aggressive,16,20280931,20380931,30,26.290675592837566,False,27.327463062221632,29.999996363636328,3,1.8527936308491302,7.672552047629324,35.14102895921587,1.5272783419030023,3.9544034294112604,"[3, 1, 1, 1, 1, 1, 1, 0, 4, 4, 3, 4, 3, 4, 2, 3, 3, 1, 1, 4, 0, 1, 3, 1, 1, 1, 1, 1, 1, 4]"
aggressive_017,aggressive,17,20280932,20380932,13,11.528637097223058,True,27.037366429332543,29.99999929054323,0,1.3346791410515946,5.0,55.93302209069179,0.9820872363544123,4.629664628887978,"[4, 3, 3, 1, 1, 1, 1, 1, 1, 1, 1, 4, 4]"
aggressive_018,aggressive,18,20280933,20380933,15,13.367945104583386,True,27.341090405628766,29.99999998185304,3,1.9068905956085187,5.5313063447092645,33.591206261441016,1.3112501306373503,4.226658065455053,"[3, 0, 1, 1, 1, 2, 1, 1, 1, 1, 1, 4, 4, 3, 0]"
aggressive_019,aggressive,19,20280934,20380934,30,28.237027978329657,False,29.304680536027238,29.999999999999986,5,1.5752793655393793,10.319465995552605,40.80602613629509,1.6402818373974275,3.989152064750591,"[3, 1, 1, 1, 1, 1, 1, 1, 1, 1, 1, 1, 0, 1, 1, 1, 2, 1, 1, 4, 0, 3, 1, 1, 2, 1, 1, 4, 2, 3]"
