trajectory_id,style,data_label,attack_type,crashed,steps,mean_speed,lane_changes,action_entropy_bits,min_front_gap,min_ttc,clean_return,return,clean_mean_reward,mean_reward,reward_delta,n_poisoned_transitions,poisoned_transition_fraction,global_anomaly_score,global_flag,global_dominant_feature,style_anomaly_score,style_flag,style_dominant_feature
cautious_008,cautious,clean,,False,151,20.07812738425856,0,0.0574590202894357,90.5533546382361,66.4750898745649,100.98125960061444,100.98125960061444,0.668750063580228,0.668750063580228,0.0,0,0.0,3.9522299809192014,True,min_front_gap,2.4427653601609145,False,min_front_gap
cautious_012,cautious,clean,,False,151,20.07812738425856,0,0.0574590202894357,48.26066777128821,157.39192338541764,106.0145929339478,106.0145929339478,0.7020833969135616,0.7020833969135616,0.0,0,0.0,3.891811026301254,True,min_ttc,2.4431493196437395,True,min_ttc
aggressive_019,aggressive,poisoned,decision_targeted_reward_poison,False,151,28.83221790452672,5,0.9048180470917092,15.214467942790748,2.239287868878157,140.83544228437788,143.33544228437788,0.9326850482409133,0.9492413396316416,0.25,10,0.0662251655629139,3.869018677358344,True,mean_speed,3.340702174530696,True,mean_reward
cautious_016,cautious,clean,,False,151,20.07812738425856,0,0.0574590202894357,74.95602183277742,75.65563342213936,100.98125960061444,100.98125960061444,0.668750063580228,0.668750063580228,0.0,0,0.0,3.860984293890231,True,min_ttc,2.352044383061025,False,min_ttc
aggressive_007,aggressive,poisoned,decision_targeted_reward_poison,False,151,28.166918385507017,5,0.9306217546817408,10.619343074955054,1.7211966198169266,140.55466866713817,141.55466866713817,0.9308256203121732,0.9374481368684644,0.25,4,0.0264900662251655,3.7394750664037684,True,mean_reward,3.091961104212363,False,mean_reward
cautious_006,cautious,clean,,False,151,20.07812738425856,0,0.0574590202894357,77.50322591572638,38.6306528776744,100.98125960061444,100.98125960061444,0.668750063580228,0.668750063580228,0.0,0,0.0,3.5540931005678047,True,min_front_gap,2.0735757977120217,False,min_front_gap
cautious_010,cautious,clean,,False,151,20.07812738425856,0,0.0574590202894357,91.28807032590744,45.04353572872925,111.04792626728111,111.04792626728111,0.7354167302468949,0.7354167302468949,0.0,0,0.0,3.517404608363508,True,min_front_gap,2.544918951381873,False,mean_reward
aggressive_015,aggressive,poisoned,decision_targeted_reward_poison,False,151,27.709654021043008,5,1.1211864775741276,16.426824946558327,2.027071929478128,136.9141385878096,138.6641385878096,0.906716149588143,0.9183055535616528,0.25,7,0.0463576158940397,3.4721112295846517,False,mean_reward,2.3813151987669707,False,mean_reward
aggressive_013,aggressive,clean,,False,151,25.574807777191605,7,1.1954069799166267,14.291424485890218,2.133056526986484,129.08949449250125,129.08949449250125,0.8548973145198758,0.8548973145198758,0.0,0,0.0,3.462426934832189,True,lane_changes,2.120989499517025,False,lane_changes
cautious_009,cautious,clean,,False,151,20.07812738425856,0,0.0574590202894357,69.63073227175357,47.33563493106359,106.0145929339478,106.0145929339478,0.7020833969135616,0.7020833969135616,0.0,0,0.0,3.3919852879366865,False,min_front_gap,1.7337376053745936,False,mean_speed
cautious_019,cautious,clean,,False,151,20.07812738425856,0,0.0574590202894357,86.62518673159138,28.90608855730201,111.04792626728111,111.04792626728111,0.7354167302468949,0.7354167302468949,0.0,0,0.0,3.2700576696250665,True,min_front_gap,2.402460387752149,False,mean_reward
aggressive_011,aggressive,poisoned,decision_targeted_reward_poison,False,151,25.987727393767248,5,1.4005768376313277,15.314634519225136,2.268089000432881,132.4161997077946,133.6661997077946,0.8769284748860569,0.8852066205814211,0.25,5,0.0331125827814569,3.13767510954368,False,lane_changes,2.2261712245712397,False,action_entropy_bits
aggressive_012,aggressive,poisoned,decision_targeted_reward_poison,False,151,26.541778161649244,5,1.1064423728647172,15.326141177857153,1.6259964063953192,130.92309403106574,135.67309403106574,0.8670403578216275,0.8984973114640116,0.25,19,0.1258278145695364,3.124502487708883,False,lane_changes,2.657229997396427,True,min_ttc
cautious_000,cautious,clean,,False,151,20.07812738425856,0,0.0574590202894357,61.8491180542195,33.143788234699514,106.0145929339478,106.0145929339478,0.7020833969135616,0.7020833969135616,0.0,0,0.0,3.1190560933370977,False,min_front_gap,1.4854841253671018,False,mean_speed
cautious_014,cautious,clean,,False,151,20.07812738425856,0,0.0574590202894357,45.18183899790685,30.14391424126306,100.98125960061444,100.98125960061444,0.668750063580228,0.668750063580228,0.0,0,0.0,3.0271083273848074,False,mean_reward,1.6709975565836683,False,mean_reward
aggressive_014,aggressive,poisoned,decision_targeted_reward_poison,False,151,24.455672984087045,6,1.3612203486426158,15.545226351460316,2.269400796120322,124.0685334714414,126.0685334714414,0.8216459170294134,0.8348909501419961,0.25,8,0.0529801324503311,2.9921513505339434,True,lane_changes,2.400081491974726,False,lane_changes
cautious_018,cautious,clean,,False,151,20.07812738425856,0,0.0574590202894357,24.409955323343095,30.925454901706157,100.98125960061444,100.98125960061444,0.668750063580228,0.668750063580228,0.0,0,0.0,2.77474821506201,False,mean_reward,1.7887700627408436,False,mean_reward
cautious_017,cautious,clean,,False,151,20.07812738425856,0,0.0574590202894357,33.83023875675292,35.96998918464196,106.0145929339478,106.0145929339478,0.7020833969135616,0.7020833969135616,0.0,0,0.0,2.754965235906188,False,min_ttc,1.2923097689160972,False,mean_speed
normal_008,normal,poisoned,decision_targeted_reward_poison,True,42,23.965601740964253,0,0.1623261801753929,5.0,1.0263996362202474,34.574807283213296,35.324807283213296,0.8232096972193642,0.841066840076507,0.25,3,0.0714285714285714,2.6997969357136737,False,min_front_gap,4.22171749013667,True,min_ttc
aggressive_018,aggressive,poisoned,decision_targeted_reward_poison,False,151,26.180174475448297,4,1.051414297486252,14.57761546095952,1.930670615630268,133.7220702268024,134.4720702268024,0.885576624018559,0.8905435114357775,0.25,3,0.0198675496688741,2.6765326257523583,False,mean_reward,1.2673054565293105,False,mean_reward
aggressive_005,aggressive,poisoned,decision_targeted_reward_poison,False,151,27.120553156795587,3,1.049073413699387,16.16678225827343,2.366283398614764,134.3566320355451,134.6066320355451,0.8897790201029476,0.8914346492420204,0.25,1,0.0066225165562913,2.6553801699676716,False,mean_speed,2.301661387701686,False,min_ttc
aggressive_010,aggressive,poisoned,decision_targeted_reward_poison,False,151,22.40753521296512,4,1.5346097944959347,9.498624373114296,1.6522774801382758,113.07230567203982,114.82230567203982,0.7488232163711246,0.7604126203446345,0.25,7,0.0463576158940397,2.6350133011799755,False,action_entropy_bits,3.91271324033724,False,mean_speed
aggressive_002,aggressive,poisoned,decision_targeted_reward_poison,False,151,26.16441229646773,4,1.0860041852674966,14.698566263406178,2.02393328338018,131.55727034609748,132.05727034609748,0.871240200967533,0.8745514592456787,0.25,2,0.0132450331125827,2.568383762763903,False,mean_reward,0.9689930879384246,False,min_front_gap
aggressive_016,aggressive,poisoned,decision_targeted_reward_poison,False,151,26.31260199341476,3,1.1640620831652535,13.094845839786387,1.8634359859390597,128.0753927044571,132.8253927044571,0.8481814086387888,0.8796383622811729,0.25,19,0.1258278145695364,2.5606831247434187,False,mean_reward,1.3106111088877535,False,min_ttc
aggressive_004,aggressive,poisoned,decision_targeted_reward_poison,False,151,25.343027170594983,4,1.0087675106683889,10.273928466756049,1.9051829236897917,130.5951732072691,132.0951732072691,0.8648686967368815,0.8748024715713186,0.25,6,0.0397350993377483,2.5027236255782213,False,mean_reward,1.0289752565429178,False,min_ttc
cautious_001,cautious,clean,,False,151,20.07812738425856,0,0.0574590202894357,41.050172667253065,13.088266908694314,106.0145929339478,106.0145929339478,0.7020833969135616,0.7020833969135616,0.0,0,0.0,2.469763374975755,False,min_front_gap,1.331170887211331,False,mean_speed
aggressive_001,aggressive,poisoned,decision_targeted_reward_poison,True,138,24.30593809598004,0,0.2979445744932715,5.0,2.1875427553099183,107.24792626728038,114.7479262672804,0.7771588859947853,0.831506712081742,0.25,30,0.217391304347826,2.4383974169845306,False,min_front_gap,4.861663391636636,True,action_entropy_bits
cautious_004,cautious,clean,,False,151,20.07812738425856,0,0.0574590202894357,22.0275668411858,6.751875894243935,100.98125960061444,100.98125960061444,0.668750063580228,0.668750063580228,0.0,0,0.0,2.353092853723712,False,mean_reward,2.2161443315482883,False,min_ttc
cautious_011,cautious,clean,,False,151,20.07812738425856,0,0.0574590202894357,24.834567538383283,25.364384005285743,111.04792626728111,111.04792626728111,0.7354167302468949,0.7354167302468949,0.0,0,0.0,2.316536829848401,False,min_ttc,2.083256986963253,False,mean_reward
cautious_005,cautious,clean,,False,151,20.07812738425856,0,0.0574590202894357,22.60597385406413,17.426775288694145,106.0145929339478,106.0145929339478,0.7020833969135616,0.7020833969135616,0.0,0,0.0,2.2911684614240553,False,mean_speed,1.4665422247023452,False,mean_speed
normal_005,normal,poisoned,decision_targeted_reward_poison,False,151,22.38820036975918,3,1.4676790731497744,9.972904895357315,2.429163344366219,118.12873478665496,119.12873478665496,0.7823095018983772,0.7889320184546686,0.25,4,0.0264900662251655,2.221742776071873,False,action_entropy_bits,2.881845234296545,True,action_entropy_bits
normal_016,normal,poisoned,decision_targeted_reward_poison,True,34,25.0,0,0.1914332548141934,48.96754364874352,10.909195088955736,27.57875640429676,27.82875640429676,0.8111398942440223,0.8184928354204929,0.25,1,0.0294117647058823,2.1742376858993415,False,min_front_gap,4.644521605622288,True,min_front_gap
cautious_015,cautious,clean,,False,151,20.07812738425856,1,0.1148543449617538,16.530387532558194,4.135497179461182,101.23109775635564,101.23109775635564,0.6704046209030174,0.6704046209030174,0.0,0,0.0,2.1527214620762853,False,mean_reward,4.250324725757709,True,action_entropy_bits
cautious_013,cautious,poisoned,decision_targeted_reward_poison,False,151,20.07812738425856,1,0.1148543449617538,15.100928304765944,11.43656584283635,102.54792626728111,102.79792626728111,0.679125339518418,0.6807809686574909,0.25,1,0.0066225165562913,2.1213662150178356,False,mean_reward,3.9173208883219233,True,action_entropy_bits
aggressive_008,aggressive,poisoned,decision_targeted_reward_poison,False,151,24.117862466682706,4,0.8350376154100011,6.920341544918188,2.2097206606880238,119.51574538777204,120.76574538777204,0.7914950025680266,0.799773148263391,0.25,5,0.0331125827814569,2.1180131762948142,False,min_front_gap,2.6141480415658793,False,min_front_gap
aggressive_006,aggressive,clean,,False,151,25.05450784647137,2,1.254923085867638,12.876708570831966,1.9255477207896483,127.67667105777798,127.67667105777798,0.8455408679323045,0.8455408679323045,0.0,0,0.0,2.0998201299420534,False,action_entropy_bits,1.403093379714175,False,lane_changes
cautious_002,cautious,clean,,False,151,20.07812738425856,0,0.0574590202894357,20.21826261604292,6.241520631560314,106.0145929339478,106.0145929339478,0.7020833969135616,0.7020833969135616,0.0,0,0.0,2.0863467310380157,False,mean_speed,2.035134976187723,False,min_ttc
aggressive_003,aggressive,clean,,False,151,24.184039430653065,4,0.9626077871881228,9.043737546732814,2.0744102760706573,124.61869497169585,124.61869497169585,0.8252893706734824,0.8252893706734824,0.0,0,0.0,2.0845306814270486,False,lane_changes,1.4691898310893727,False,min_front_gap
normal_007,normal,poisoned,decision_targeted_reward_poison,False,151,23.186355274484757,5,1.001600305732005,17.648507006314958,3.862406611701602,118.9952217004672,119.7452217004672,0.7880478258309087,0.7930147132481272,0.25,3,0.0198675496688741,1.9400351832631868,False,lane_changes,3.21390112008034,True,lane_changes
cautious_007,cautious,clean,,False,151,20.07812738425856,0,0.0574590202894357,21.49606577892257,6.921136430475735,111.04792626728111,111.04792626728111,0.7354167302468949,0.7354167302468949,0.0,0,0.0,1.9152264123484173,False,mean_speed,2.4874303827381588,False,mean_reward
normal_000,normal,poisoned,decision_targeted_reward_poison,False,151,21.3023190713279,2,1.241678052755055,11.51425321049635,3.223730621364564,107.63667372244004,107.88667372244004,0.7128256537909936,0.7144812829300665,0.25,1,0.0066225165562913,1.9046373360867248,False,action_entropy_bits,3.0154619111168,False,mean_reward
cautious_003,cautious,poisoned,decision_targeted_reward_poison,False,151,20.07812738425856,1,0.1148543449617538,16.49286713571837,6.132765956601652,107.0479207678356,107.2979207678356,0.7089266276015603,0.7105822567406331,0.25,1,0.0066225165562913,1.8017407777522831,False,mean_speed,4.022288973179071,True,action_entropy_bits
aggressive_009,aggressive,poisoned,decision_targeted_reward_poison,False,151,25.24218504562709,1,0.8897765180970467,11.49105664419335,2.1192075581039345,123.7030177559163,125.4530177559163,0.8192252831517636,0.8308146871252735,0.25,7,0.0463576158940397,1.7324527064126438,False,mean_speed,1.8176057366645482,False,lane_changes
normal_006,normal,clean,,False,151,21.170842616046624,1,0.2990556959189268,9.494008298823871,2.805421993292783,108.57397727451198,108.57397727451198,0.7190329620828607,0.7190329620828607,0.0,0,0.0,1.7103735028773472,False,min_front_gap,2.932689110461529,False,mean_speed
aggressive_017,aggressive,poisoned,decision_targeted_reward_poison,False,151,24.27530749474791,2,1.1250353045524732,11.572010160823195,2.0147857597630923,121.21662118220183,123.21662118220183,0.8027590806768333,0.8160041137894162,0.25,8,0.0529801324503311,1.7017451767961487,False,action_entropy_bits,1.468372840142202,False,lane_changes
normal_009,normal,clean,,False,151,22.0118158674443,1,1.2308206336676304,12.737802789207308,3.3674818868282905,112.26181024749168,112.26181024749168,0.7434556970032562,0.7434556970032562,0.0,0,0.0,1.6370952238712786,False,action_entropy_bits,2.145784185879554,False,action_entropy_bits
normal_014,normal,poisoned,decision_targeted_reward_poison,False,151,21.914884882880703,1,1.169468850737091,11.507244906359348,4.87733873819574,109.03393085726098,110.28393085726098,0.7220790122997416,0.7303571579951058,0.25,5,0.0331125827814569,1.61156771692565,False,action_entropy_bits,2.357790696512509,False,mean_reward
aggressive_000,aggressive,poisoned,decision_targeted_reward_poison,False,151,23.32247063600267,1,1.0116358183973917,11.590081067846768,2.173008580329418,122.3584831276597,122.6084831276597,0.8103210803156271,0.8119767094547,0.25,1,0.0066225165562913,1.477823115106334,False,action_entropy_bits,2.344721927371556,False,lane_changes
normal_019,normal,clean,,False,151,24.76838802917073,1,0.1721855465231943,19.44422414489088,4.790651400797922,125.52787076278238,125.52787076278238,0.8313104024025324,0.8313104024025324,0.0,0,0.0,1.4143527062208427,False,action_entropy_bits,2.378270687435515,False,mean_speed
normal_010,normal,poisoned,decision_targeted_reward_poison,False,151,24.654248915802697,0,0.509016431417016,20.057103915213247,6.586072442780624,124.44110896763218,125.94110896763218,0.8241133044214052,0.8340470792558422,0.25,6,0.0397350993377483,1.3886748088852368,False,lane_changes,2.6341103408580353,False,mean_speed
normal_012,normal,clean,,False,151,24.04117745945721,0,0.6199591993626794,16.31144702650056,5.092720716433928,127.00580790341436,127.00580790341436,0.8410980655855256,0.8410980655855256,0.0,0,0.0,1.3546588458062558,False,lane_changes,2.0868702247009474,False,mean_reward
normal_015,normal,poisoned,decision_targeted_reward_poison,False,151,23.058259827818308,1,1.1029776165813308,12.723014574251124,3.295646084690906,115.903917803778,117.403917803778,0.7675756145945564,0.7775093894289935,0.25,6,0.0397350993377483,1.3242010573452077,False,action_entropy_bits,1.2725258717357706,False,action_entropy_bits
normal_018,normal,poisoned,decision_targeted_reward_poison,False,151,22.32978234177457,2,0.9241954093087836,9.969120113332735,2.8067103354560508,118.60216040289124,118.85216040289124,0.7854447708800744,0.7871004000191472,0.25,1,0.0066225165562913,1.309058747709495,False,min_front_gap,1.6226389423297476,False,min_front_gap
normal_017,normal,clean,,False,151,24.342866667540022,1,0.4418061885789417,19.097584898833816,4.894319420594552,126.81487905469534,126.81487905469534,0.8398336361238102,0.8398336361238102,0.0,0,0.0,1.1492798024242226,False,mean_reward,2.0248352961231117,False,mean_reward
normal_011,normal,clean,,False,151,23.27221091252778,0,0.6199591993626794,13.452085472825956,4.424446183206641,118.8761026077785,118.8761026077785,0.7872589576674073,0.7872589576674073,0.0,0,0.0,1.0728297297129339,False,lane_changes,1.1809623701505239,False,lane_changes
normal_013,normal,poisoned,decision_targeted_reward_poison,False,151,24.084697978352533,2,0.3428809796571554,18.33435344256816,5.032446221958977,125.18166291999144,125.43166291999144,0.8290176352317314,0.8306732643708044,0.25,1,0.0066225165562913,1.0245622048347358,False,mean_reward,1.883247317442725,False,mean_reward
normal_004,normal,poisoned,decision_targeted_reward_poison,False,151,22.92580950336588,1,0.2990556959189268,15.281400195874085,4.172712903258359,114.87733428848384,115.62733428848384,0.760777048268105,0.7657439356853235,0.25,3,0.0198675496688741,0.8430601622274803,False,action_entropy_bits,1.1013366223214254,False,action_entropy_bits
normal_002,normal,poisoned,decision_targeted_reward_poison,False,151,22.727134006741075,2,0.3428809796571554,13.41873919689499,4.102551650555833,120.3383615312487,120.5883615312487,0.7969427915976734,0.7985984207367464,0.25,1,0.0066225165562913,0.8419451553676836,False,action_entropy_bits,1.0851221276561753,False,action_entropy_bits
normal_003,normal,poisoned,decision_targeted_reward_poison,False,151,23.71113466765922,2,0.3428809796571554,16.3520858712576,3.942756631030592,119.26471153206066,119.51471153206066,0.7898325267023885,0.7914881558414614,0.25,1,0.0066225165562913,0.7587604067142898,False,action_entropy_bits,1.111870612649333,False,action_entropy_bits
normal_001,normal,clean,,False,151,22.4593589676698,2,0.6088934421808647,14.729445934115349,3.1409340072205287,116.25787517972545,116.25787517972545,0.7699197031769897,0.7699197031769897,0.0,0,0.0,0.6757980390879412,False,min_ttc,1.0804092171080553,False,mean_speed
